id,date,title,content
20190521_00,20190521,习近平在视察陆军步兵学院时强调 全面提高办学育人水平 为强军事业提供有力人才支持,中共中央总书记、国家主席、中央军委主席习近平21日到陆军步兵学院视察。他强调，要深入贯彻新时代党的强军思想，深入贯彻新时代军事战略方针，面向战场、面向部队、面向未来，走内涵式发展道路，强化政治保证，把好办学定位，深化改革创新，全面提高办学育人水平，为强军事业提供有力人才支持。五月的赣鄱大地青山苍翠，碧水如练，南昌英雄城生机盎然。上午10时许，习近平乘车来到陆军步兵学院。在热烈的掌声中，习近平亲切接见驻江西部队副师职以上领导干部和建制团级单位主官、陆军步兵学院本部正团职以上干部和石家庄校区主官、专家教授代表。习近平同大家合影留念。学院训练场上，学员们生龙活虎、喊声震天，一派实战化练兵景象。习近平走到障碍训练场旁，察看学员进行障碍训练情况。极限训练对于锤炼学员体能极限、意志极限、心理极限，提高战场适应能力很有意义。习近平步行进入极限训练场，详细了解有关训练设施和训练情况。学员们进行了阻绝墙跳水、翻越懒人梯、跨越步步高、翻越高墙、攀爬云梯、攀越高空荡木桥、扛圆木等训练。看到学员们摸爬滚打一身泥水，迎着障碍一往无前，习近平很高兴。离开训练场，习近平来到学院红色资源研究中心。长期以来，学院坚持发挥红色资源优势，在红色基因铸魂育人方面作了积极探索。习近平听取有关情况介绍，对学院做法给予肯定。习近平强调，要把红色资源运用好，把红色基因传承好，培养一茬茬、一代代合格的红军传人。随后，习近平听取学院工作汇报，并发表重要讲话。他强调，办什么样的院校、培养什么样的人才，是办学育人首先要解决的问题。习近平指出，学校是立德树人的地方，必须坚持坚定正确政治方向。要坚持用新时代中国特色社会主义思想和新时代党的强军思想武装头脑，深入贯彻古田全军政治工作会议、军委党的建设会议精神，全面加强党的领导和党的建设工作，把政治建军要求落实到办学治校各方面和全过程。军队院校因打仗而生、为打仗而建，必须围绕实战搞教学、着眼打赢育人才。要立起为战育人鲜明导向，一切办学活动都要聚焦能打仗、打胜仗。要把握现代战争特点规律，把握陆军转型建设要求，做到打仗需要什么就教什么、部队需要什么就练什么，使人才培养供给侧同未来战场需求侧精准对接。要加强顶层设计和长远谋划，拿出科学的目标图、路线图、施工图，一张蓝图抓到底。习近平强调，要坚持改转并举，大胆解放思想，加强实践探索，加快推进办学模式和运行机制创新，推动实现高质量发展。要紧贴形势任务需要，狠抓实战化教学改革，优化学科布局，完善专业设置，更新教学内容，推动学科专业建设与时俱进。要坚持集约集优、开放办学、联合育人，加强学院师资力量整合升级，加强院外优质教育资源引进共享，打造过硬教员队伍。要有针对性加强配套保障，确保教育训练顺利进行。习近平指出，学院党委班子要带头加强自身建设和政治历练，提高领导水平和专业素养，满腔热忱为广大师生员工解决实际困难，团结带领大家把学院建设推向前进。要坚持严字当头、全面从严、一严到底，严肃学风、教风、研风、考风，深入纠治“四风”特别是形式主义、官僚主义，确保风清气正。张又侠等参加活动。
20190521_01,20190521,习近平向印尼当选总统佐科致贺电, 5月21日，国家主席习近平向印尼总统佐科·维多多致贺电，代表中国政府和中国人民，并以个人的名义祝贺他胜选连任印度尼西亚总统。习近平在贺电中指出，中国和印度尼西亚同为发展中大国，在双边、地区和多边层面拥有广泛共同利益，是天然合作伙伴。近年来，两国以共建“一带一路”为契机，持续深化发展战略对接，各领域务实合作成效显著，双边关系步入快速发展的新阶段。我高度重视中印尼关系，愿继续同佐科总统共同努力，引领两国全面战略伙伴关系在过去五年基础上更上一层楼，造福两国和两国人民。
20190521_02,20190521,中共中央印发《中国共产党党员教育管理工作条例》, 中共中央近日印发《中国共产党党员教育管理工作条例》。《条例》以习近平新时代中国特色社会主义思想为指导，以党章为根本遵循，总结吸收实践创新成果，对党员教育管理的内容、方式、程序等作出规范，是新时代党员教育管理工作的基本遵循。每个党员，不论职务高低，都必须按照党章要求和《条例》规定，接受党组织的教育管理。各级党委各党组要把抓好党员教育管理作为重大政治责任，采取有力措施，严格贯彻执行《条例》，增强针对性和有效性，防止形式主义。要抓好《条例》的宣传解读和学习培训，使各级党组织、广大党员特别是党员领导干部深入领会《条例》精神，全面掌握《条例》内容，严格执行《条例》规定。中央组织部要会同有关部门加强督促指导，确保《条例》得到有效贯彻落实。各地区各部门在执行《条例》中的重要情况和建议，要及时报告党中央。《中国共产党党员教育管理工作条例》共10章、46条，自2019年5月6日起施行。
20190521_03,20190521,全国地方政协工作经验交流会在京召开 汪洋出席并讲话,全国地方政协工作经验交流会20日至21日在京召开。中共中央政治局常委、全国政协主席汪洋出席会议并讲话。他强调，要认真学习贯彻习近平总书记关于加强和改进人民政协工作的重要思想，把政协作为专门协商机构的职能、性质和定位突出出来，落实协商职能、完善协商机制、丰富协商形式，推进地方政协特别是市县政协履行职能制度化、规范化和程序化，推动人民政协制度更加成熟更加定型，更好彰显人民政协在国家治理体系中的作用。汪洋指出，近年来各级地方政协在当地党委领导下，集中开展习近平总书记关于加强和改进人民政协工作的重要思想学习研讨活动，全面加强新时代人民政协党的建设各项工作，成绩来之不易，值得充分肯定。汪洋强调，要健全完善党对政协工作领导的组织体系，在落实党对政协工作全面领导上更进一步。要巩固拓展习近平总书记关于加强和改进人民政协工作的重要思想学习研讨活动成果，在推进思想理论武装上更进一步。要探索提高协商议政质量的模式方式和评价办法，在提高履职质量上更进一步。要大兴调查研究之风、履职为民之风、密切联系群众之风，坚决克服和防止形式主义、官僚主义，在改进工作作风上更进一步。要坚持从严教育、从严要求、从严管理、从严监督，在加强政协委员和机关干部“两支队伍”建设上更进一步。要及时总结推广各地政协的新经验新做法，在加强各级政协联系指导上更进一步。10位省市县政协负责同志作了大会发言，与会同志就地方政协工作进行了交流研讨。
20190521_04,20190521,韩正会见香港福建社团联会访京团,中共中央政治局常委、国务院副总理韩正21日下午在人民大会堂会见了香港福建社团联会访京团，与他们交流并合影留念。韩正充分肯定香港福建社团联会在促进香港与内地交流合作、维护香港繁荣稳定方面作出的积极贡献。希望他们继续高举爱国爱港旗帜，广泛团结各界，坚定维护国家主权、安全和发展利益，推动“一国两制”事业行稳致远。韩正表示，中央完全支持特区政府正在开展的“两个条例”修订相关工作，相信经过特区政府的努力工作和各界理性的讨论，一定能消除疑虑、形成共识。希望各界人士为维护香港的法治形象而共同努力。香港福建社团联会主席吴换炎、荣誉主席吴良好分别作了发言。尤权参加会见。
20190521_05,20190521,国务院办公厅印发《深化收费公路制度改革取消高速公路省界收费站实施方案》,国务院办公厅日前印发《深化收费公路制度改革取消高速公路省界收费站实施方案》。《方案》指出，为贯彻落实党中央、国务院决策部署，进一步深化收费公路制度改革，加快取消全国高速公路省界收费站，实现不停车快捷收费，要按照“远近结合、统筹谋划，科学设计、有序推进，安全稳定、提效降费”的原则，明确技术路线，加快工程建设，力争2019年底前基本取消全国高速公路省界收费站，提升人民群众的获得感、幸福感、安全感。《方案》部署了四项工作任务。一是加快建设和完善高速公路收费体系。二是加快电子不停车收费系统推广应用。三是加快推进公路法、收费公路管理条例等相关法律法规修订工作，出台优化重大节假日小型客车免费通行、鲜活农产品运输“绿色通道”等通行费减免政策的具体实施意见。四是推动政府收费公路存量债务置换，防范化解债务风险，为取消高速公路省界收费站创造有利条件。
20190521_06,20190521,华东师范大学思政课 以真理育人心,华东师范大学创新思政课教学方法，让理论和实践相结合，让名师专家进课堂，思想政治教育的亲和力、感染力大大增强。在华东师范大学的一节思政课上，师生们正围绕刚刚完成的一次实践教学展开讨论，几天前，他们去了中国商飞公司参观大飞机，社会实践与课堂理论教学相结合，是华东师范大学思政课的创新。一批学术名家也纷纷为学生开出了思政选修课。华东师范大学是新中国组建的第一所社会主义师范大学，培养的很多学生将成为中小学教师，思政课也成为培养社会主义建设者和接班人的重要保障。
20190521_07,20190521,第十二届中国艺术节在上海开幕 献礼新中国成立70周年,第十二届中国艺术节20日晚在上海拉开帷幕。本届中国艺术节由文化和旅游部、上海市人民政府共同主办，以“逐梦新时代——向国庆献礼，向人民汇报”为主题。艺术节坚持“艺术的盛会、人民的节日”的办节宗旨和“精品、惠民、节俭、可持续”的办节原则，将展示近年来我国文艺创作的丰硕成果和文艺工作者的精神风貌，向中华人民共和国成立70周年献礼。由上海歌舞团有限公司排演的舞剧《永不消逝的电波》作为20日晚的开幕演出，吸引各界观众约1400人共聚上海大剧院观演。艺术节期间，来自全国各地的51台优秀剧目将在上海的19个剧场为观众演出，演出总量超过百场。同时，还将举办第十六届文华奖和第十八届群星奖评奖，并开展一系列文化惠民活动。本届艺术节将持续至6月2日。
20190521_08,20190521,华为创始人接受媒体采访,针对社会对华为的关切，华为创始人任正非今天（5月21日）在深圳华为总部接受了媒体采访。任正非首先感谢美国企业多年来的支持和伴随成长。美商务部将华为及其附属公司列入所谓实体名单，有媒体担心，华为可能受到影响，针对这一问题，任正非表示，华为先进技术领域不受清单影响。今天（5月21日）下午，任正非又接受了中央广播电视总台记者董倩的专访，专访内容将在今晚（5月21日）《新闻1+1》节目播出。
20190521_09,20190521,人民日报钟声文章：不要逆历史潮流而动——“对华文明冲突论”可以休矣,今天（5月21日）出版的人民日报发表钟声文章，题目是《不要逆历史潮流而动——“对华文明冲突论”可以休矣》。文章说，以人种来确定文明、以文明来确定国家冲突的逻辑是十分危险的。全世界善良的人们要高度警惕了，决不能让这种逆历史潮流而动的种族主义言论泛滥开来！文章说，中美两国各具特色，历史、文化、社会制度、民众诉求等不尽相同，双方存在一些分歧在所难免。有了分歧并不可怕，关键是不要把分歧当成采取对抗态度的理由，而要坚持相互尊重，致力于平等协商，找到双方都可接受的解决办法。文章指出，把国与国之间的问题上升到文明层面，把不同文明降低到人种范畴，不仅于事无补，而且有百害而无一利。
20190521_10,20190521,新华社述评：抓住新机遇 实现新发展——透视中国经济的“时”与“势”,新华社今天（5月21日）播发聚焦中国经济亮点述评：《抓住新机遇 实现新发展——透视中国经济的“时”与“势”》。
20190521_11,20190521,国内联播快讯,提速降费五年 网速升六倍网费降九成记者从今天（5月21日）在国新办举行的网络提速降费政策吹风会上了解到，网络提速降费实施以来，我国固定和移动宽带平均下载速率提升6倍。固定网络和手机上网流量资费水平降幅均超过90%，用户月均使用移动流量7.2GB，是全球平均水平的1.2倍。北京2019年积分落户申报明天启动北京市2019年积分落户申报工作将于明天（5月22日）启动，申报期60天。10月中旬确定落户名单。今年的资格条件和各项积分指标均保持不变。经过系统升级和流程优化后，整个申报环节实现了一次不用跑。各地气温攀升 华北黄淮气温将超35℃中央气象台预计，随着“小满”节气的到来，全国各地气温将继续攀升。明后（5月22、23日）两天，山西、河北、北京、山东、河南等地的部分地区气温将超过35摄氏度。云南在未来几天仍然雨水稀少，高温还将持续。钱塘江夜空上演“我爱你中国”灯光秀昨晚（5月20日），杭州钱塘江畔上演“我爱你中国”主题灯光秀。150架无人机在天空中组成“我爱你中国”等大型字幕，给市民带来一场震撼、壮观的视听体验。
20190521_12,20190521,多行业美企反对对中国商品加征关税,连日来，美国对中国输美商品加征关税的做法受到众多美国企业的反对和担忧。173家美国鞋业企业20日向多位美国政府高官发出联名信，反对加征关税，要求把从中国进口的鞋具从拟加征关税清单中移除，指出加征关税行为伤害的是美国消费者和美国经济，会威胁行业企业生存能力，而美国工薪阶层将是受伤害最严重的群体。据美国鞋具批发商和零售商协会统计，对中国制造的鞋具加征关税或令美国消费者每年额外支出70亿美元。美国全国商业经济协会最近公布的调查显示，有75%的美国企业认为，对中国进口商品加征关税对它们的业务产生了不利影响，其中也包括美国的汽车行业。据美国有线电视新闻网报道，今年以来，美国汽车行业已经有近2万人失去工作，而相关的负面影响也波及到了欧洲企业。
20190521_13,20190521,伊朗：在核协议框架内提升浓缩铀产量,伊朗半官方的塔斯尼姆通讯社20日报道说，伊朗纳坦兹核设施负责人当天表示，根据伊朗最高国家安全委员会的决定，伊朗当天已将低丰度的浓缩铀产量提升近4倍。伊朗纳坦兹核电站负责人员在新闻发布会上说，经过一些技术改进后，伊朗已将丰度为3.67%的浓缩铀产量提升了近四倍，相关信息已提交国际原子能机构。伊朗原子能组织发言人卡迈勒万迪强调，伊朗没有提升浓缩铀丰度、增加离心机数量、或改变离心机类型，这些举措都是在伊核问题协议框架内。根据2015年签署的伊核问题协议，伊朗国内低丰度浓缩铀储量不得超过300公斤，丰度限制在3.67%以下，远远低于武器级浓缩铀需要达到的90%以上。据伊朗国家通讯社20日晚些时候报道，伊朗总统鲁哈尼再次就伊朗和美国间的紧张局势表态称，伊朗愿意通过对话和外交途径解决问题，但当前的形势不适合对话，抵抗是伊朗目前唯一的选择。
20190521_14,20190521,国际联播快讯,计票结果显示佐科赢得印尼总统选举印度尼西亚选举委员会21日凌晨公布2019年印尼总统选举计票结果，现任总统佐科·维多多以55.5％的得票率赢得选举。另一总统候选人——大印尼行动党主席普拉博沃得票率约为44.5%。第72届世界卫生大会开幕第72届世界卫生大会20日在日内瓦开幕，主题为“全民健康覆盖：不遗漏任何一人”。在当天的一般性辩论中，中方表示，中国努力承担应尽的国际责任和义务，推动构建人类命运共同体，推动实现全民健康覆盖，倡导和促进全球卫生合作。当天中国等五国还在日内瓦共同举办了“从初级卫生保健迈向全民健康覆盖和可持续发展目标”主题边会。中国与欧盟首次签署民航领域协定20日，中国与欧盟在布鲁塞尔共同签署了《中华人民共和国政府和欧洲联盟民用航空安全协定》等。协定确立了中国与欧盟在适航和环保审定、飞行运行、空管服务、人员执照与培训等民航安全领域进行广泛合作的法律框架。
20190522_00,20190522,习近平在江西考察并主持召开推动中部地区崛起工作座谈会时强调 贯彻新发展理念推动高质量发展 奋力开创中部地区崛起新局面,中共中央总书记、国家主席、中央军委主席习近平5月20日至22日在江西考察，主持召开推动中部地区崛起工作座谈会并发表重要讲话。他强调，要坚持以新时代中国特色社会主义思想为指导，全面贯彻党的十九大和十九届二中、三中全会精神，贯彻新发展理念，在供给侧结构性改革上下更大功夫，在实施创新驱动发展战略、发展战略性新兴产业上下更大功夫，积极主动融入国家战略，推动高质量发展，不断增强中部地区综合实力和竞争力，奋力开创中部地区崛起新局面。初夏时节，赣江两岸郁郁葱葱，欣欣向荣。20日，习近平在江西省委书记刘奇、省长易炼红陪同下，深入赣州市的企业、农村、革命纪念馆，就经济社会发展进行考察调研，实地了解革命老区脱贫攻坚和推动中部地区崛起工作进展情况。20日中午，习近平乘机抵达赣州，首先考察江西金力永磁科技股份有限公司。在企业展厅，习近平认真听取企业生产经营和赣州稀土产业发展情况介绍，详细了解我国稀土资源的分布状况、开发技术、应用情况以及生产加工中采取的环境保护举措。他强调，技术创新是企业的命根子。拥有自主知识产权和核心技术，才能生产具有核心竞争力的产品，才能在激烈的竞争中立于不败之地。要紧紧扭住技术创新这个战略基点，掌握更多关键核心技术，抢占行业发展制高点。稀土是重要的战略资源，也是不可再生资源。要加大科技创新工作力度，不断提高开发利用的技术水平，延伸产业链，提高附加值，加强项目环境保护，实现绿色发展、可持续发展。随后，习近平来到生产车间，仔细察看包装自动检测线、高性能烧结炉等设备生产运行情况，同现场工人亲切交流。习近平对企业加大科研投入、致力科技创新、注重生态修复的做法给予肯定。于都是中央红军长征集结出发地。1934年10月，中央机关、中央军委和中央红军主力在此集结出发，踏上漫漫征途。20日下午，习近平转乘火车来到于都县，首先瞻仰了中央红军长征出发纪念碑。在纪念碑前，习近平向革命先烈敬献花篮并三鞠躬。他缓步绕行纪念碑，仔细察看基座上的浮雕，深情缅怀当年党中央和中央红军在苏区浴血奋战的峥嵘岁月。随后，习近平察看了中央红军长征出发地旧址原于都县城东门渡口。在中央红军长征出发纪念馆内，习近平听取中央红军长征集结出发历史情况介绍，在一张张图片、一件件实物前驻足察看，同大家不时交流，回忆当年的历史。他强调，今年是新中国成立70周年。我们一定要牢记红色政权是从哪里来的、新中国是怎么建立起来的，倍加珍惜我们党开创的中国特色社会主义，坚定道路自信、理论自信、制度自信、文化自信。革命理想高于天。理想信念之火一经点燃，就永远不会熄灭。在中央苏区和长征途中，党和红军就是依靠坚定的理想信念和坚强的革命意志，一次次绝境重生，愈挫愈勇，最后取得了胜利，创造了难以置信的奇迹。我们不能忘记党的初心和使命，不能忘记革命理想和革命宗旨，要继续高举革命的旗帜，弘扬伟大的长征精神，朝着中华民族伟大复兴的目标奋勇前进。今天，在新长征路上，我们要战胜来自国内外的各种重大风险挑战，夺取中国特色社会主义新胜利，依然要靠全党全国人民坚定的理想信念和坚强的革命意志。在纪念馆一楼，习近平会见了于都县的红军后代、革命烈士家属代表。习近平动情地说，革命战争年代，江西人民为革命胜利付出了巨大牺牲、作出了巨大贡献。习近平说，各级党委和政府要关心照顾好为中国革命作出贡献的老红军、老同志以及红军后代、革命烈士家属。习近平祝愿他们身体健康、生活幸福。纪念馆外的广场上，热情的群众闻讯赶来，高呼“总书记好！”“总书记辛苦了！”习近平对大家说，现在我们正走在开启建设社会主义现代化国家的新征程上，我们要继往开来再出发！于都县独特的区位优势和气候特点，适宜发展蔬菜产业。习近平来到梓山富硒蔬菜产业园，走进蔬菜大棚，了解于都县蔬菜产业发展情况。正在劳作的乡亲告诉总书记，产业园以“龙头企业+合作社+农户和贫困户”发展模式，带动了村民脱贫致富，户均年增收近万元。习近平表示赞赏。他强调，中国共产党的初心就是为人民谋幸福、为民族谋复兴，党中央想的就是千方百计让老百姓都能过上好日子。芝麻开花节节高，今后的日子会更美好。随后，习近平来到梓山镇潭头村，察看村容村貌。红军烈士后代、退伍军人孙观发看到总书记来了，率一家老小热情邀请总书记到家里做客。在孙观发家，习近平仔细察看厨房、卧室、后院和厕所，对他家住房和卫生改善状况表示欣慰。随后，习近平同孙观发一家和当地镇、村干部围坐在一起拉家常，关切询问他家收入怎么样、儿子儿媳在哪里就业、孩子在哪里上学、孩子在学校吃得好不好，家里还有什么困难和愿望。大家对总书记说，这些年全村109户贫困户都参与了蔬菜产业发展，村里还建起了就业扶贫车间，乡亲们既能外出打工，又能在家门口就业，照顾老人和孩子，既有土地流转收入，又有务工收入，贫困户还有分红收入，95户贫困户已经脱贫。习近平听了十分高兴。他强调，我这次来江西，是来看望苏区的父老乡亲，看看乡亲们的生活有没有改善，老区能不能如期脱贫摘帽。脱贫攻坚已经进入决胜的关键阶段，各地区各部门要再加把劲，着力解决好“两不愁三保障”突出问题，让老区人民过上幸福生活。城镇化和乡村振兴互促互生。要把乡村振兴起来，把社会主义新农村建设好。要加强乡村人居环境整治和精神文明建设，健全乡村治理体系，使乡村的精神风貌、人居环境、生态环境、社会风气都焕然一新，让乡亲们过上令人羡慕的田园生活。离开村子时，乡亲们聚集到村口，纷纷向总书记问好。习近平同大家亲切握手，祝愿乡亲们生活越来越幸福美满。21日下午，习近平在南昌主持召开推动中部地区崛起工作座谈会。座谈会上，山西省委书记骆惠宁、安徽省委书记李锦斌、江西省委书记刘奇、河南省委书记王国生、湖北省委书记蒋超良、湖南省委书记杜家毫和国家发展改革委主任何立峰先后发言。听取大家发言后，习近平发表重要讲话。他强调，推动中部地区崛起是党中央作出的重要决策。做好中部地区崛起工作，对实现全面建成小康社会奋斗目标、开启我国社会主义现代化建设新征程具有十分重要的意义。当前，中部地区崛起势头正劲，中部地区发展大有可为。要紧扣高质量发展要求，乘势而上，扎实工作，推动中部地区崛起再上新台阶。习近平指出，我国仍处于发展的重要战略机遇期，但面临的国际形势日趋错综复杂。我们要清醒认识国际国内各种不利因素的长期性、复杂性，妥善做好应对各种困难局面的准备。最重要的还是做好我们自己的事情，统筹研究部署，协同推进改革发展稳定各项工作，谋定而后动，厚积而薄发。习近平就做好中部地区崛起工作提出8点意见。一是推动制造业高质量发展，主动融入新一轮科技和产业革命，加快数字化、网络化、智能化技术在各领域的应用，推动制造业发展质量变革、效率变革、动力变革。二是提高关键领域自主创新能力，创新支持政策，推动科技成果转化和产业化，加快研发具有自主知识产权的核心技术，更多鼓励原创技术创新，加强知识产权保护。三是优化营商环境，对标国际一流水平，营造稳定公平透明的营商环境，缓解民营企业和中小微企业融资难题。四是积极承接新兴产业布局和转移，加强同东部沿海和国际上相关地区的对接，吸引承接一批先进制造业企业。五是扩大高水平开放，把握机遇积极参与“一带一路”国际合作，推动优质产能和装备走向世界大舞台、国际大市场，把品牌和技术打出去。六是坚持绿色发展，开展生态保护和修复，强化环境建设和治理，推动资源节约集约利用，建设绿色发展的美丽中部。七是做好民生领域重点工作，做好脱贫攻坚工作，创造更多就业岗位，加快补齐民生短板，完善社会保障体系，创新社会治理。八是完善政策措施和工作机制，加大对中部地区崛起的支持力度，研究提出促进中部地区高质量发展的政策举措，加强统筹协调。习近平强调，党中央即将对“不忘初心、牢记使命”主题教育作出部署，各地区各部门要抓好落实、抓出成效。今年是基层减负年，各地区各部门要将此作为主题教育的重要内容，坚决整治形式主义、官僚主义，加强真抓实干的作风建设，让广大干部以更大的热情投入到中部地区崛起的伟大事业中来。22日上午，习近平听取了江西省委和省政府工作汇报，对江西各项工作取得的成绩给予肯定，对赣南中央苏区经济社会发展取得的重大进展给予肯定，希望江西全面贯彻落实党中央决策部署，统筹推进“五位一体”总体布局，协调推进“四个全面”战略布局，坚持稳中求进工作总基调，贯彻新发展理念，统筹推进稳增长、促改革、调结构、惠民生、防风险、保稳定各项工作，努力在加快革命老区高质量发展上作示范、在推动中部地区崛起上勇争先，描绘好新时代江西改革发展新画卷。习近平强调，要推动经济高质量发展，牢牢把握供给侧结构性改革这条主线，不断改善供给结构，提高经济发展质量和效益。要加快推进新旧动能转换，巩固“三去一降一补”成果，加快腾笼换鸟、凤凰涅槃。要聚焦主导产业，加快培育新兴产业，改造提升传统产业，发展现代服务业，抢抓数字经济发展机遇。要完善科技成果转移转化机制，走出一条创新链、产业链、人才链、政策链、资金链深度融合的路子。要加快构建生态文明体系，做好治山理水、显山露水的文章，打造美丽中国“江西样板”。习近平指出，要推进改革开放走深走实，统筹推进各项改革任务，确保干一件成一件。要结合自身实际，突出改革重点，在生态文明体制改革、科技体制改革、农业农村改革、社会民生领域改革上抓创新、抓落实。要充分利用毗邻长珠闽的区位优势，主动融入共建“一带一路”，积极参与长江经济带发展，对接长三角、粤港澳大湾区，以大开放促进大发展。习近平强调，要推进农业农村现代化，夯实粮食生产基础，坚持质量兴农、绿色兴农，不断提高农业综合效益和竞争力。要构建新型城乡关系，建立健全城乡融合发展体制机制和政策体系，促进城乡协调发展、融合发展。习近平强调，要坚持以人民为中心的发展思想，从群众最关心的问题入手，坚持尽力而为、量力而行，落实各项惠民政策，做好普惠性、基础性、兜底性民生建设。要对就业困难人员及时提供就业指导和技能培训，确保他们就业有门路、生活有保障。要加强预防和化解社会矛盾机制建设，完善立体化社会治理防控体系，依法打击和惩治违法犯罪活动，深入推进扫黑除恶专项斗争。习近平强调，江西是一片充满红色记忆的红土地。以百姓心为心，与人民同呼吸、共命运、心连心，是党的初心，也是党的恒心。井冈山精神和苏区精神，承载着中国共产党人的初心和使命，铸就了中国共产党的伟大革命精神。这些伟大革命精神跨越时空、永不过时，是砥砺我们不忘初心、牢记使命的不竭精神动力。要深刻认识红色政权来之不易、新中国来之不易、中国特色社会主义来之不易，教育党员、干部特别是领导干部牢固树立立党为公、执政为民的理念，增进群众感情，践行群众路线，锤炼忠诚干净担当政治品格，当好人民勤务员，为完成新时代党的历史使命而努力奋斗。要把井冈山精神和苏区精神继承和发扬好，教育引导广大党员、干部增强“四个意识”、坚定“四个自信”、做到“两个维护”，自觉做共产主义远大理想和中国特色社会主义共同理想的坚定信仰者和忠实实践者。丁薛祥、刘鹤、何立峰等陪同考察并出席推动中部地区崛起工作座谈会，中央和国家机关有关部门负责同志、中部六省负责同志参加座谈会。
20190522_01,20190522,应习近平邀请 尼日尔总统将访华,应国家主席习近平邀请，尼日尔共和国总统穆罕默杜·伊素福将于5月26日至30日对中国进行国事访问。
20190522_02,20190522,牢记习主席嘱托 为部队培养打赢人才,21日，中共中央总书记、国家主席、中央军委主席习近平视察陆军步兵学院并发表重要讲话，在军队院校和部队官兵中引起强烈反响。在陆军步兵学院，习主席来到训练场观看学员们障碍训练和极限训练，让学员们倍感亲切，倍受鼓舞。军队院校是铸魂育人、立德树人的地方，必须坚持坚定正确政治方向，要把红色资源运用好，把红色基因传承好，培养一茬茬、一代代合格的红军传人。打赢未来战争，必须培养大批懂联合、晓实战、会打仗的高素质新型军事人才，军队院校的教育工作者深感责任重大。军队院校必须锁定明天战场，把握现代战争特点规律，努力使人才培养供给侧同未来战场需求侧精准对接，让学员能够“从院校直接走向战场”，为强军事业提供有力人才支持。官兵们表示，要聚焦现代化战场，打仗需要什么，我们就练什么，为打赢未来战争凝聚力量。
20190522_03,20190522,李克强主持召开国务院常务会议,国务院总理李克强5月22日主持召开国务院常务会议，确定深入推进市场化法治化债转股的措施，支持企业纾困化险、增强发展后劲；部署进一步推动社会办医持续健康规范发展，增加医疗服务供给、促进民生改善。会议指出，按照党中央、国务院部署，实施市场化法治化债转股，是支持有市场前景企业缓解债务压力、促进稳增长防风险的重要举措。去年以来债转股已落地超过9000亿元，促进了企业杠杆率下降和经营效益提升。下一步要着力破解难题，在增量、扩面、提质上下功夫。一是建立债转股合理定价机制，完善国有企业、实施机构等尽职免责办法，鼓励对高杠杆优质企业及业务板块优先实施债转股，促进更多项目签约落地。二是完善政策，妥善解决金融资产投资公司等持有债转股股权风险权重较高、占用资本较多问题，多措并举支持其补充资本，允许通过具备条件的交易场所开展转股资产交易，发挥好金融资产投资公司等在债转股中的重要作用。三是吸引社会力量参与债转股，优化股权结构，依法平等保护社会资本权益。支持金融资产投资公司发起设立资管产品并允许保险资金、养老金等投资。探索公募资管产品依法合规参与债转股。鼓励外资入股实施机构。会议指出，按照建设健康中国要求，深化医药卫生体制改革，促进社会办医，可以增加医疗服务供给、更好保障人民健康，也能更大激发市场活力、释放服务消费潜力。一要拓展社会办医空间。政府对社会办医区域总量和布局不作规划限制。允许在职或停薪留职医务人员申办医疗机构。今明两年在10个城市开展诊所备案管理试点。二要加大政策支持。对社会办医在基本医保定点、跨省异地就医直接结算上与公立医院一视同仁。社会办医可通过划拨、协议出让等取得用地使用权，可按规定享受小微企业、高新技术企业税收优惠，在医院等级、专业技术人员职称等评审方面与公立医院同待遇。三要支持社会办医与公立医院合作发展“互联网+医疗健康”，开展远程医疗协作。支持商业保险机构与社会办医信息系统对接。四要完善医疗监管，依法打击违法违规行为，对严重失信主体实施行业终身禁入。会议还研究了其他事项。
20190522_04,20190522,栗战书对奥地利进行正式友好访问,应奥地利国民议会议长索博特卡和联邦议会议长阿佩邀请，全国人大常委会委员长栗战书18日至21日对奥地利进行正式友好访问，在维也纳会见总统范德贝伦、总理库尔茨，与索博特卡和阿佩分别举行会谈。会见范德贝伦时，栗战书首先转达了习近平主席的亲切问候。栗战书说，去年4月总统先生偕库尔茨总理及多位部长对中国进行国事访问，习近平主席与你共同确立中奥友好战略伙伴关系新定位，将两国关系发展推进到一个新阶段。中方愿同奥方共同努力，落实好两国元首的重要共识，推动各领域合作深入发展。会见中，双方就自由贸易、应对气候变化、伊核等共同关心的问题深入交换了意见。栗战书指出，中方始终坚持相互尊重、平等相待、互利共赢、共同发展的原则来处理国与国之间的关系。愿同包括奥地利在内的各国一道努力，维护多边主义和自由贸易，携手应对全球性挑战，推动构建人类命运共同体。范德贝伦表示，奥方同中方在许多问题上有相同或相近的立场，双方应加强在国际和地区事务中的沟通协调，支持贸易投资自由化便利化，共同应对气候变化，推动两国友好合作更富成效。会见库尔茨时，栗战书指出，共建“一带一路”已成为中奥合作新的增长点。双方应秉持共商共建共享原则，不断挖掘和释放合作潜能，深化各领域合作。栗战书表示，中方始终视欧洲为全面战略伙伴和国际上不可或缺的重要力量，乐见欧洲保持团结、稳定、开放、繁荣，支持欧洲一体化建设。库尔茨说，“一带一路”倡议为各国平等合作搭建了新平台。欢迎更多中国企业赴奥投资兴业，更多中国游客赴奥游览观光。与索博特卡、阿佩会谈时，栗战书强调，两国立法机构合作要紧跟国家关系发展步伐，常来常往，增进了解，交流借鉴立法监督等方面经验，为务实合作营造良好法治环境。人文交流一直是中奥关系最活跃的组成部分，两国立法机构要回应人民呼声，促进双方在艺术、音乐、体育、地方等方面合作，促进青少年交流，让世代友好深入人心。索博特卡、阿佩表示，奥方高度重视发展对华关系，愿同中国全国人大加强交流合作，推动两国合作协定落到实处，促进双方人员往来和文化互鉴。向奥方增补大熊猫是习近平主席从中奥关系大局出发作出的决定，体现了对奥地利人民的友好情谊。访奥期间，栗战书与范德贝伦共同出席增补大熊猫仪式并致辞。栗战书还与库尔茨共同出席中国工商银行维也纳子行开业仪式。在萨尔茨堡集体会见州、市地方官员，探讨推进地方合作并考察企业和农庄等。
20190522_05,20190522,汪洋会见香港中华总商会访京团,中共中央政治局常委、全国政协主席汪洋5月22日下午在人民大会堂会见了以蔡冠深为团长的香港中华总商会访京团全体成员。汪洋说，香港中华总商会是爱国爱港的中坚力量，长期以来为维护香港繁荣稳定和促进国家发展进步作出了积极贡献。汪洋勉励香港中华总商会深入学习领会习近平主席去年在会见香港澳门各界庆祝国家改革开放40周年访问团时的重要讲话精神，抓住粤港澳大湾区建设、共建“一带一路”等重大机遇，助力推动香港加快融入国家发展大局。要全面准确理解和带头宣传贯彻“一国两制”方针，全力支持特区政府和行政长官依法施政，多做增进团结的工作，注意加强对青年一代的引导和帮助，积极释放正能量、传播正能量、凝聚正能量。尤权、夏宝龙参加会见。
20190522_06,20190522,赵乐际在湖北调研,中共中央政治局常委、中央纪委书记赵乐际20日至22日到湖北省调研。他强调，纪检监察机关要深入贯彻习近平新时代中国特色社会主义思想，认真落实中央纪委三次全会部署，坚持实事求是，依规依纪依法，精准科学监督执纪问责，督促推动各级党组织和党员干部增强“四个意识”、坚定“四个自信”、做到“两个维护”，更加自觉地把思想和行动统一到党中央部署要求上来，上下齐心、攻坚克难，稳中求进做好各方面工作。赵乐际来到崇阳县浪口村、武汉市百步亭社区、光谷展示中心，调研了解基层党风廉政建设情况，与基层干部群众面对面交流，强调要持续深入落实中央八项规定精神，坚决整治形式主义、官僚主义等“四风”问题，不松劲、不退让；对反复出现的问题，要在严肃整治的同时推动有关方面完善制度、加强教育，做到不敢、不能、不想一体推进。要持续深化扶贫领域腐败和作风问题专项治理，加强脱贫攻坚专项巡视整改，确保脱贫攻坚以及脱贫摘帽后各项政策措施落到实处。赵乐际在武汉主持召开市县巡察工作推进会，强调市县巡察是全面从严治党向基层延伸的重要制度安排，根本任务是保障党的路线方针政策和党中央决策部署落实到底。要坚持重心下移、力量下沉，着力解决群众身边腐败问题和不正之风，让群众感受到党的关怀就在身边、正风反腐就在身边。要坚持问题导向，重点解决好政治监督泛化简单化、熟人社会监督难、巡察整改不实等问题。市县党委要履行主体责任，认真组织实施巡察工作，在一届任期内实现全覆盖。在湖北省和咸宁市纪委监委机关，赵乐际与纪检监察干部和国家监委特约监察员深入交谈，强调纪检监察工作是重要政治工作，要高度负责、客观公正、从严从实，坚持“三个区分开来”，坚持严管厚爱结合，坚持思想政治工作贯穿始终，精准精细办好每一起案件、处理好每一件事情。纪检监察干部要谦虚谨慎、戒骄戒躁，加强党性锻炼，加强自我约束，勇于发现和解决自身问题，始终做到忠诚干净担当。调研期间，赵乐际参观了中共五大会址纪念馆、中国共产党纪律建设历史陈列馆，要求纪检监察干部不忘初心、牢记使命，成为立场坚定、意志坚强、行动坚决的表率，做党和人民的忠诚卫士。
20190522_07,20190522,“人民是共和国的坚实根基”专题研讨会在南昌举行,5月21日至22日，中宣部在江西省南昌市召开学习宣传贯彻习近平新时代中国特色社会主义思想研讨会，围绕“人民与共和国的发展”进行专题研讨。与会专家学者认为，新中国70年的辉煌成就，是中国人民靠自己的双手起早贪黑辛勤干出来的。新征程上，必须牢牢坚守以人民为中心的根本立场，永远把人民对美好生活的向往作为奋斗目标，不断改善民生福祉，紧紧依靠人民创造历史伟业。
20190522_08,20190522,专家驳斥“美国重建中国”论,中美贸易摩擦以来，美国一些人居高临下、大言不惭地声称是美国在过去几十年间重建了中国。专家指出，中国的成就来自全中国人民的勤劳与智慧，美国寻找种种借口挑起争端的实质是意在围堵中国发展。美方声称，中国成长为世界第二大经济体，很大程度上要归功于美国的在华投资。清华大学经济管理学院经济系副教授马弘表示，中国没有否认美国对华投资的积极作用，但美方的说法明显夸大其词。自1987年中国有外资统计以来，中国累计实际利用外资2万多亿美元。其中美国对华投资800多亿美元，仅占4.06%。而美国认为中美贸易逆差是美国对中国输送财富，逻辑上更是漏洞百出。中美贸易绝非美国向中国输送财富的单行线。来自美国的美中贸易全国委员会的研究显示，2015年，美国对中国出口和中美双向投资提升了美国经济增长率1.2个百分点；中美贸易平均每年为每个美国家庭节省850美元的成本，相当于美国家庭收入的1.5%。中美贸易互惠互利，为何美方却咬住“逆差”不放？而中国的发展，绝不是谁的施舍。是在不断推进的改革开放中，靠艰苦奋斗、顽强拼搏而来的。美国以“救世主”自居，宣称所谓“美国重建了中国”，在颠倒是非黑白的背后，美方维护全球霸权、遏制中国发展的企图昭然若揭。
20190522_09,20190522,人民日报钟声文章：轻舟已过万重山——“中国退步论”可以休矣,今天（22日）出版的人民日报发表钟声文章：《轻舟已过万重山：“中国退步论”可以休矣》。文章说，中美经贸磋商尚未达成任何协议，美方就一再给中方乱扣帽子，指责中方“倒退”“背弃”、在一些已达成共识的问题上立场出现“倒退”。美方用这样的伎俩一边混淆视听，一边挥舞大棒，实质是霸凌主义的又一次表演。文章指出，从中美经贸磋商的进程看，把车开得歪歪扭扭、倒来倒去的是美方，正是美方的反复无常、朝三暮四，让中美经贸磋商跌宕起伏。文章说，中国改革开放的步伐永远向前，中国推动构建人类命运共同体的努力永远向前。正所谓“两岸猿声啼不住，轻舟已过万重山”。
20190522_10,20190522,国际锐评：企图用“技术霸凌”打压中国，是痴心妄想！,本台刊播【国际锐评】：《企图用“技术霸凌”打压中国，是痴心妄想！》。锐评指出，短短几天，美国某些政客对一些中国科技企业疯狂发难，以莫须有“罪名”实施“技术霸凌”，看似突然，实则必然，反映出某些美国政客心胸极度狭隘，容不得别国有发展进步的正常追求，更容不得他国在某些领域超越自己。对在海外市场久经风雨的中国企业来说，美方掀起的这一轮“技术霸凌”行动，无疑是它们遇到的又一个挑战、又一次考验。但是，不经历风雨怎么见彩虹？放眼未来，中国企业必将会把美方的围堵打压化为科技自立的契机和强大动力。一个在风浪中不断成长进步的中国，就是对形形色色“霸凌主义”最好的回击！
20190522_11,20190522,新华社述评：“精准滴灌”民营小微企业 融资环境持续改善——金融发力支持实体经济向好,新华社今天（22日）播发聚焦中国经济亮点述评《“精准滴灌”民营小微企业 融资环境持续改善：金融发力支持实体经济向好》。
20190522_12,20190522,联播快讯,中宣部授予杜富国“时代楷模”称号中宣部今天（22日）在北京发布扫雷英雄杜富国的先进事迹，并授予他“时代楷模”称号。杜富国是陆军某扫雷排爆大队战士。入伍以来，他始终把使命和责任扛在肩上，在平凡岗位干出了突出业绩。2018年10月11日，杜富国随队参加排雷作业时，为保护战友身受重伤，失去双眼和双手。中国国际服务贸易交易会将于下周开幕记者今天（22日）从国新办举行的新闻发布会上了解到，2019年中国国际服务贸易交易会将于5月28日至6月1日在北京举行。将有来自130个国家和地区的企业和机构，在12个服务贸易领域进行展览展示、洽谈合作。我国生物多样性保护工作成效显著今天（22日）是第26个“国际生物多样性日”，目前我国高等植物种类排名全球第三，哺乳动物种类居世界首位。各级各类自然保护区已经达到了2750处。截至2018年底，全国各类陆域自然保护地面积占国土面积18%，超过世界平均水平。北方高温来袭 京津冀局地将超40℃今天（22日），我国北方地区高温发展，北京局地达37℃以上。天津、河北、河南、山东多地最高气温超过35℃。中央气象台预计，明天高温范围还会扩大，京津冀等地气温将达37～39℃，局地将超过40℃，大家要做好防暑、防晒措施。联合国：利比亚处于内战边缘21日，利比亚民族团结政府军队与利比亚“国民军”在的黎波里南部的武装冲突持续。联合国秘书长利比亚问题特别代表萨拉姆当天说，“利比亚正处于内战的危险边缘”，这不仅导致利比亚国内四分五裂，战争还有可能危及到周边国家甚至是地中海区域国家的安全。英首相：已修改“脱欧”协议草案英国首相特雷莎·梅21日表示，已经修改此前被议会三次否决的“脱欧”协议。她还说，6月初《退出协议法案》将提交英国议会审议投票，届时将由议会决定是否以全民公投方式认可这份与“脱欧”相关的法律文件。《退出协议法案》旨在通过立法程序，使“脱欧”协议内容成为英国法律。伊拉克将帮助缓解美与伊朗紧张局势伊拉克总理阿卜杜勒-迈赫迪21日说，伊拉克将派代表团分别前往美国和伊朗，帮助缓解美国伊朗间的紧张局势。在此前的接触中，美国和伊朗都表示无意发起战争。阿卜杜勒-迈赫迪说，伊拉克在这场危机中不会支持一方针对另一方。
20190523_00,20190523,不忘初心 牢记使命 走好新长征路,近日，习近平总书记来到江西考察，他强调，我们不能忘记党的初心和使命，不能忘记革命理想和革命宗旨，要继续高举革命的旗帜，弘扬伟大的长征精神，朝着中华民族伟大复兴的目标奋勇前进。牢记总书记的嘱托，江西广大干部群众表示，要以更大的热情投入到中部地区崛起的伟大事业中来，走好新长征路。江西省赣州市于都县，是中央红军长征集结出发地。革命战争年代，这里的人民为革命胜利付出了巨大牺牲、作出了巨大贡献。在会见于都县红军后代和革命烈士家属代表时，习近平总书记动情地说：“中国共产党要不忘初心，全中国人民要不忘初心，不忘我们的革命宗旨、革命理想，不忘我们的革命前辈、革命先烈，不要忘了我们的这些父老乡亲们。”61岁的谢金俊当时在场，他的外公林守辉是红军战士，1933年在战斗中牺牲，总书记的讲话，让谢金俊倍感温暖。饮水思源，十八大以来，党中央对赣南苏区振兴的扶持力度不断加强，对口支援机制越发完善，广大群众感受到的是满满获得感。这里是于都县梓山富硒蔬菜产业园，一场蔬菜种植的技术指导课正在进行。就在几天前，习近平总书记走进大棚，了解当地蔬菜产业发展情况。两年前，梓山镇的六个村子合力建起了这个蔬菜产业园。现在，产业园每年可提供时鲜蔬菜6万吨，不少村民也回乡打工，户均年增收近万元。村民黄五秀把这个好消息告诉给了总书记。离开大棚，总书记来到了有着700多年历史的潭头村，这个村以前基础设施薄弱，村民大都住在土坯房里。这几年，党和政府累计投入3000多万元，帮助村里发展产业，建起扶贫车间。2017年，潭头村实现整村脱贫。村民孙观发是红军烈士后代，一家老小现在住在二层小楼。这次，他们家迎来了习近平总书记。如何推动高质量发展，也是总书记一直关心的，这次考察，他深入企业，详细了解稀土产业发展情况。他强调，技术创新是企业的命根子。从企业到农村，从缅怀革命先烈到看望红军后代，习近平总书记希望江西，努力在加快革命老区高质量发展上作示范、在推动中部地区崛起上勇争先，描绘好新时代江西改革发展新画卷。广大干部群众表示，要落实好总书记要求，走好新长征路。
20190523_01,20190523,中共中央 国务院关于建立国土空间规划体系并监督实施的若干意见,中共中央、国务院日前印发“关于建立国土空间规划体系并监督实施的若干意见”。“意见”提出，建立国土空间规划体系并监督实施，是党中央、国务院作出的重大部署。要按照高质量发展要求，做好国土空间规划顶层设计，发挥国土空间规划在国家规划体系中的基础性作用，为国家发展规划落地实施提供空间保障。到2020年，基本建立国土空间规划体系，逐步建立“多规合一”的规划编制审批体系、实施监督体系、法规政策体系和技术标准体系；基本完成市县以上各级国土空间总体规划编制，初步形成全国国土空间开发保护“一张图”。到2025年，健全国土空间规划法规政策和技术标准体系；全面实施国土空间监测预警和绩效考核机制；形成以国土空间规划为基础，以统一用途管制为手段的国土空间开发保护制度。到2035年，全面提升国土空间治理体系和治理能力现代化水平，基本形成生产空间集约高效、生活空间宜居适度、生态空间山清水秀，安全和谐、富有竞争力和可持续发展的国土空间格局。
20190523_02,20190523,李克强会见新加坡副总理兼财政部长,国务院总理李克强23日在中南海紫光阁会见新加坡副总理兼财政部长王瑞杰。李克强表示，当前中新关系发展势头良好。中方愿同新方密切高层交往，将“一带一路”倡议同新方发展战略更好对接，推进“陆海新通道”、第三方市场、贸易投资、金融等合作，推动两国关系与合作再上新台阶。李克强强调，中国的开放既增进了本国人民的福祉，也给世界发展创造了巨大机遇。中国将继续扩大开放。欢迎各国企业扩大对华投资，我们将一如既往对内外资企业一视同仁，不断优化营商环境，鼓励公平竞争与合作，实现互利共赢。中方愿同新方共同维护自由贸易，促进本地区乃至世界的和平与发展。王瑞杰表示，新方愿同中方加强高层交往，深化各领域务实合作，推动新中关系更上一层楼，促进东盟与中国关系发展。何立峰参加会见。
20190523_03,20190523,李克强对部署推进职业技能提升行动电视电话会议作出重要批示,部署推进职业技能提升行动电视电话会议5月23日在京召开。中共中央政治局常委、国务院总理李克强作出重要批示。批示指出：开展大规模职业技能培训，是提升劳动者就业创业能力、缓解结构性就业矛盾、促进扩大就业的重要举措，是经济迈向高质量发展的重要支撑。要坚持以习近平新时代中国特色社会主义思想为指导，认真贯彻党中央、国务院决策部署，围绕落实好就业优先政策、促进比较充分的就业，用好1000亿元失业保险基金和其他培训资金，扎实高效实施职业技能提升行动。适应经济转型升级需要和市场需求，完善培训内容，提高培训质量，为企业在岗职工、困难企业转岗职工、就业重点群体和贫困劳动力等提供更有针对性的技能培训服务，加大高危行业从业人员安全技能培训力度。进一步深化职业技能培训领域“放管服”改革，尊重规律，充分调动企业、职业院校和社会培训机构等参与培训的积极性，强化培训资金监管，提高使用效率，努力推进建设知识型、技能型、创新型劳动者大军，为促进经济持续健康发展和就业稳定作出新贡献！中共中央政治局委员、国务院就业工作领导小组组长胡春华出席会议并讲话。
20190523_04,20190523,韩正会见新加坡副总理兼财政部长,5月22日，中共中央政治局常委、国务院副总理韩正在钓鱼台国宾馆会见新加坡副总理兼财政部长王瑞杰。韩正表示，中方高度重视中新关系，明年两国将迎来建交30周年，双方要以此为契机，推动中新关系在新时期实现更大发展。中方愿同新方一道，落实好两国领导人共识，继续用好合作机制平台，推动各领域务实合作取得更大发展。双方要保持密切沟通，高质量共建“一带一路”，建设好“陆海新通道”，深化第三方市场合作，开展粤港澳大湾区建设合作，发挥示范和带动效应，推动地区和沿线国家共同发展。王瑞杰表示，新方愿与中方一道，继续密切高层往来，不断深化拓展务实合作，共同推进“一带一路”建设深入发展。
20190523_05,20190523,王岐山与巴西副总统举行会谈并共同主持中巴高委会第五次会议,5月23日，国家副主席王岐山在人民大会堂与巴西副总统莫朗举行会谈，并共同主持中巴高层协调与合作委员会第五次会议。王岐山表示，中巴建交45年来，双边关系长期稳定发展，不断迈上新台阶，成为成熟而稳固的国家间关系。近年来，在习近平主席和巴西领导人战略引领下，中巴全面战略伙伴关系内涵不断丰富，各领域互利友好合作步入“快车道”，取得丰硕成果。双方在重大国际和地区问题上密切沟通协调，有力维护和促进了发展中和新兴市场国家团结合作。王岐山指出，副总统先生是巴西新政府首位访华的领导人，高度重视发展对华关系，积极支持中巴合作，中方对此表示赞赏。当前形势下，中巴都致力于通过结构性改革和扩大开放推动发展。中方珍视巴西这样的好朋友、好伙伴，愿同巴方一道发挥好中巴高委会作用，规划和扩大合作，共同抵御外部环境的不确定性，为全球经济复苏作出更大贡献，开创更高层次、更宽领域、更有活力的中巴关系新时代。莫朗表示，中国是伟大的国家，巴中相互尊重，传统友谊深厚。巴新政府高度重视与中国的全面战略伙伴关系，愿加强两国对话与合作，推动“一带一路”倡议与巴发展规划对接，使巴中关系行稳致远。巴方希望扩大对华产品出口，实现贸易多元化，欢迎中方加大对巴投资。当前世界充满不确定性，巴方愿与中方同舟共济，加强多边领域合作，维护国际体系稳定，为促进世界和平与繁荣做出贡献。双方同意加强各领域交流合作，促进贸易便利化，优化贸易结构，推动双边贸易高质量增长。拓展创新合作，培育中巴经贸合作新的增长点。中方邀请巴方参加第二届中国国际进口博览会，巴方鼓励巴西企业参加博览会。双方均重视“一带一路”倡议与巴西“投资伙伴计划”等发展规划实现对接，同意推动双向投资，推进能矿、基础设施建设及物流、农业、金融、服务业、科技创新、信息技术、民用卫星等领域标志性项目。双方同意继续密切在联合国、金砖国家、世贸组织等多边组织和框架下的合作，共同维护多边主义和自由贸易，完善全球经济治理，维护以世界贸易组织为核心的多边贸易体制，构建开放型世界经济。会后，王岐山和莫朗签署了会议纪要。会谈前，王岐山为莫朗举行欢迎仪式，全国政协副主席夏宝龙等出席。
20190523_06,20190523,【在习近平新时代中国特色社会主义思想指引下——新时代 新作为 新篇章】长三角：制度体系统一带来内生动力,长三角一体化，离不开统一规范的制度体系建设。在长三角三省一市，从审批“一网通办”，到食品安全协同管理，一系列体制机制障碍的破除，正为一体化发展带来更多内生动力。上海的胡绍勇想在安徽合肥设立一家新公司。让他没想到的是，现在只要在上海松江行政审批局办理就可以。因为，长三角正在推广“一网通办”。从去年9月底以来，长三角G60科创走廊的九城(区)，率先探索跨省市“一网通办”，对一些企业办理频次较高的事项，实现线上“一地认证，全网通办”。目前，企业通过这一窗口可以实现30种证照的跨省异地办理。到目前为止，“一网通办”已为长三角企业、群众提供信息推送服务超过89000次，提供异地证照服务超过800次。在长三角，食品安全的统一管理也正变为现实。在浙江湖州织里镇的大棚里，蔬菜刚从大棚出来，就被贴上了二维码“身份证”。这是长三角三省一市共同打造的食品安全信息追溯体系，通过全过程留痕，确保食品安全。两个多小时后，这些被贴上“身份证”的蔬菜就出现在了江苏苏州的蔬果超市里。在长三角，统一跨区域管理正成为趋势。不久前，安徽省生态环境厅认定三家企业环保严重失信，这一信息很快被上传到联合信用平台上。目前，仅在环保领域，信用长三角平台就归集了204家严重失信企业和1万多家环保处罚失信企业。这些企业在整个长三角范围内，都会受到市场准入、金融信贷等限制。据了解，长三角将在特定地域打造一体化示范区，试点更多制度体系的一体化建设，促进形成要素自由流动的统一开放市场。
20190523_07,20190523,新华社述评：壮大“新动能” 蓬勃“新消费”——从用电量感知中国经济的温度与亮度,新华社今天（23日）播发聚焦中国经济亮点述评《壮大“新动能” 蓬勃“新消费”：从用电量感知中国经济的温度与亮度》。
20190523_08,20190523,遏制中国发展的企图不可能得逞,一段时间以来，美国挑起中美经贸摩擦，企图围堵中国的发展。对此，专家学者分析指出，中国经济的韧性具备应对外部挑战的能力，任何遏制中国的企图都无法阻挡我们发展的脚步。研究显示，贸易战对中国经济的发展有一定影响，但总体而言，影响是有限的、可控的。在美方挥舞关税大棒的压力下，今年前4个月，以人民币计算，中国对美贸易顺差扩大10.5%。一季度，中国经济增速达到6.4%。在国际货币基金组织发布的《世界经济展望报告》中，中国是唯一被上调今年增长预期的主要经济体。专家指出，中国长期发展积累下了雄厚的基础，拥有全球最完整的产业体系、不断增强的科技创新能力、成熟的多边贸易体制。世界经济走到今天，早已你中有我、我中有你。而中国还在继续努力推动全球化的进程。专家表示，美国坚持所谓“美国优先”本身就是狭隘的，已给全球经济蒙上阴影，不得人心。国际货币基金组织已将贸易问题列为2019年全球最大的不确定因素。美国遏制中国的企图，是在人类文明发展的趋势上开倒车，最终将损人不利己。
20190523_09,20190523,人民日报钟声文章：国际秩序容不得任性妄为——无视规则必将失败,今天（23日）出版的人民日报发表钟声文章，题目是：《国际秩序容不得任性妄为：无视规则必将失败》。文章说，当前，世界力量格局快速转变、多极化特征日趋明显，在跨国问题日益增多、对全球规则体系需求不断上升的国际形势下，美国一些政客抱定单边主义思维，只能是给自己和他国制造麻烦。文章指出，作为当今世界第一大经济体和有影响力的大国，美方有关政策和言行应有最起码的责任感，应该有利于世界的“治”而不是“乱”。维护多边主义和以规则为基础的多边贸易体制，是国际社会的根本利益所在，也是各国的强烈呼声。文章说，美国一些政客蔑视规则，就是在肆意损害国际社会的共同福祉和世界各国的正当利益。这样的蛮横无理，不得人心，终究也不会有什么好果子吃。
20190523_10,20190523,品味美食 增进交流——亚洲美食节圆满收官,作为亚洲文明对话大会的重要配套活动——亚洲美食节进入尾声，连日来，北京、广州、成都、杭州四地举行的各项活动，吸引了海内外无数游客。昨晚（22日），为期一周的亚洲文明巡游和“亚洲美食节”北京主会场活动正式收官。亚洲美食节北京主场馆共吸引客流近8万人，同期进行的六大商圈客流量累计客流超过200万人。亚洲美食节期间，广州市政府邀请亚洲各国驻穗领馆、涉外酒店、在穗亚洲企业共同参与，打造“一酒店、一国家”的亚洲主题餐饮活动，从5月17日到23日，有印尼、沙特、尼泊尔等7个国家相继举办主宾国日活动。这两天，广州亚洲美食节分别迎来了印度尼西亚国家主宾日和尼泊尔国家主宾日，椰子炸鸡和巴东牛肉等印尼美食、尼泊尔咖喱、烤鱼等当地特色美食精彩亮相。在成都，熊猫亚洲美食节同样开启每天一个国家和地区的主题日活动。最新数据显示，截至目前，成都熊猫亚洲美食节共吸引全球15个国家的500多位名厨参加，举办大大小小45场主题活动，直接参与人数超过500万人次。在杭州“知味杭州”亚洲美食节主会场——亚洲美食文化公园，来自56个国家和地区的253家参展商纷纷拿出自己的“绝活”，吸引游客。
20190523_11,20190523,国内联播快讯,2019年第一批“新时代好少年”先进事迹发布中央文明办、教育部等五部门昨天（22日）在重庆联合发布2019年第一批10名“新时代好少年”先进事迹。这十名从各地中小学层层筛选出来的少年榜样，从小立下志向，从不同侧面展现了新时代青少年爱党爱国、自立自强、朝气蓬勃、奋发向上的精神风貌。224个地方因落实重大政策成效明显获督查激励国务院新闻办今天（23日）举行政策例行吹风会，国务院办公厅对2018年落实重大政策措施真抓实干成效明显的224个地方予以督查激励。这些地方在落实打好三大攻坚战和实施乡村振兴战略、深化“放管服”改革等有关重大政策措施中真抓实干、取得明显成效。国家通过新增中央财政资金、奖励用地计划指标等举措进行激励。第三届未来网络发展大会在南京开幕第三届未来网络发展大会22日在江苏南京举行。来自国内外的400多名知名院士、专家学者参会。大家围绕未来网络的技术创新、数字经济、应用创新等方面展开对话和深入探讨。
20190523_12,20190523,多国人士反对保护主义 呼吁公平贸易,多国人士呼吁继续维护自由和公平贸易，在世贸组织框架内解决贸易争端。联合国近日发布《2019年世界经济形势与展望年中报告》指出，受贸易紧张局势悬而未决等因素影响，全球经济增长正经历全面放缓。德国总理默克尔22日在出席一场海事行业会议时表示，在当今国际贸易中，所有降低贸易壁垒的协议都是好协议，她呼吁各国继续维护自由和公平贸易。荷兰对外贸易及发展合作大臣卡格表示，贸易保护主义对经济发展不利，应当坚持在世贸组织框架内解决贸易摩擦。今日俄罗斯电视台近日的一档新闻访谈节目，连线了曾就职于福克斯新闻等媒体的美国资深记者本·斯万，斯万表示，美国政府以国家安全为借口限制华为，但事实上却拿不出任何证据。斯万指出，一方面，美国政府拿不出任何证据来证明华为威胁美国国家安全，另一方面，“棱镜门”丑闻却早已将美国政府窃听公民的事实公诸于众。
20190523_13,20190523,法财长：欢迎所有供应商参与5G建设,法国财政部长布鲁诺·勒梅尔22日接受当地媒体采访时表示，法国欢迎所有供应商参与法国第五代移动通信技术的建设。勒梅尔当天表示，在发展5G业务领域，法国在保证主权和获取最佳技术的前提下，不会刻意排除某家公司。勒梅尔说，目前许多运营商都与中国华为公司开展4G业务合作，法国不会针对某一家公司。法国总统马克龙近日也对媒体表示，法方坚持多边主义，主张开展合作。法国在建设5G方面重视国家安全，但不会封锁特定供应商，发展自身科技生态系统的更佳方式是合作和减少冲突。2018年7月，法国政府发布5G发展路线图，计划自2020年起分配首批5G频段，并至少在一个法国大城市提供5G商用服务，2025年前实现5G网络覆盖法国各主要交通干道。
20190523_14,20190523,国际联播快讯,拉马福萨当选南非总统南非国民议会新当选议员22日选举执政党非洲人国民大会(非国大)推举的候选人拉马福萨为南非总统。按照计划，拉马福萨将于25日在比勒陀利亚宣誓就职，任期5年。2018年2月，时任总统祖马宣布辞职，时任副总统拉马福萨成为南非新总统。德国：不接受美制裁“北溪-2”项目俄罗斯媒体23日援引德国经济和能源部发言人的话报道说，如果美国对参与“北溪-2”天然气管道项目建设的公司施加超越地域的制裁，德国不予接受。美国能源部长佩里21日称，美方“不久”将制裁俄罗斯与多个欧洲国家合作的“北溪-2”项目。斯里兰卡宣布延长全国紧急状态斯里兰卡总统西里塞纳22日晚签署特别公告宣布，为了保证公共安全，维护社会秩序，将全国紧急状态延长一个月。4月21日，斯里兰卡发生连环爆炸，造成超过250人身亡、500多人受伤。4月23日，斯里兰卡进入全国紧急状态。
20190524_00,20190524,习近平对张富清同志先进事迹作出重要指示强调 积极弘扬奉献精神 凝聚起万众一心奋斗新时代的强大力量,中共中央总书记、国家主席、中央军委主席习近平近日对张富清同志先进事迹作出重要指示强调，老英雄张富清60多年深藏功名，一辈子坚守初心、不改本色，事迹感人。在部队，他保家卫国；到地方，他为民造福。他用自己的朴实纯粹、淡泊名利书写了精彩人生，是广大部队官兵和退役军人学习的榜样。要积极弘扬奉献精神，凝聚起万众一心奋斗新时代的强大力量。今年95岁的老党员张富清是原西北野战军359旅718团2营6连战士，在解放战争的枪林弹雨中九死一生，先后荣立一等功三次、二等功一次，被西北野战军记“特等功”，两次获得“战斗英雄”荣誉称号。1955年，张富清退役转业，主动选择到湖北省最偏远的来凤县工作，为贫困山区奉献一生。60多年来，张富清刻意尘封功绩，连儿女也不知情。2018年底，在退役军人信息采集中，张富清的事迹被发现，这段英雄往事重现在人们面前。
20190524_01,20190524,习近平会见巴西副总统,国家主席习近平24日在人民大会堂会见巴西副总统莫朗。习近平请莫朗转达对博索纳罗总统的诚挚问候，赞赏博索纳罗领导的巴西新政府致力于发展中巴全面战略伙伴关系。习近平指出，中国和巴西分别是东西半球最大的发展中国家，都是重要的新兴市场大国，拥有共同发展的愿望和巨大的发展潜力，是世界多极化进程中两支重要力量。建交45年来，两国关系硕果累累。当前，中巴关系正处在继往开来的关键节点，双方要继续坚定将对方视为自身发展的机遇和伙伴，相互尊重，相互信任，相互支持，把中巴关系打造成为发展中国家团结合作的典范和促进世界和平发展的重要力量，为推动构建新型国际关系和人类命运共同体，促进世界和平、稳定和繁荣作出新贡献。习近平强调，中方支持巴西繁荣发展。中巴合作互补性强，中方欢迎巴方参与共建“一带一路”，愿同巴方加强发展规划对接，实现共同发展。相信中巴合作必将迎来更加广阔的前景。莫朗首先转达博索纳罗总统对习近平的诚挚问候和良好祝愿，并转交博索纳罗致习近平的亲署函。莫朗强调，博索纳罗总统领导的巴西新政府继续高度重视对华关系，钦佩中国共产党执政为民的理念，高度评价中国为拉动全球经济增长作出的重要贡献，视中国为相互信任、稳定可靠的全面战略合作伙伴，愿同中方密切高层交往，深化合作和友谊，与中国携手并进。巴方愿促进本国“投资伙伴计划”同“一带一路”倡议的对接，拓展贸易、科技、创新等领域合作，欢迎中方扩大对巴投资。巴方感谢中方支持巴西今年主办金砖国家领导人会晤，愿同中方加强在金砖国家、世界贸易组织、二十国集团等多边机制中的协调配合，共同维护多边主义和全球多边贸易体系。杨洁篪、何立峰等参加会见。
20190524_02,20190524,习近平向印度总理致贺电, 5月23日，国家主席习近平向印度总理莫迪致贺电，祝贺其领导全国民主联盟赢得印度第17届人民院选举。习近平在贺电中指出，中国和印度互为重要邻国，是当今世界两个最大的发展中国家和新兴经济体。在双方共同努力下，两国关系近年来呈现强有力发展势头。中印在推动世界多极化、经济全球化、维护多边主义等重大问题上保持着良好协调与合作。我高度重视中印关系发展，愿同你一道努力，把握好两国关系前进方向，增进政治互信，拓展务实合作，推动两国更加紧密的发展伙伴关系不断迈上新台阶。
20190524_03,20190524,栗战书对匈牙利进行正式友好访问,应匈牙利国会主席克韦尔邀请，全国人大常委会委员长栗战书21日至23日对匈牙利进行正式友好访问，在布达佩斯会见总统阿戴尔、总理欧尔班，与克韦尔举行会谈。会见阿戴尔时，栗战书首先转达了习近平主席的亲切问候。栗战书说，今年是中匈建交70周年，希望双方以此为契机，落实好两国领导人达成的重要共识，拓展各领域务实合作。栗战书说，习近平主席提出人与自然和谐共生、绿色低碳可持续发展等生态文明的新理念新思想，指引中国生态文明建设发生历史性、转折性、全局性变化。保护生态环境、应对气候变化需要各国同舟共济、共同努力，携手共建清洁美丽世界。阿戴尔表示，匈牙利视中国为重要战略合作伙伴，两国关系发展势头良好。匈中在水污染防治、水资源开发利用等方面可以深化合作。会见欧尔班时，栗战书说，匈方“向东开放”政策与共建“一带一路”倡议高度契合，双方要加强战略对接，深挖经贸、投资、科技、农业、互联互通等领域合作潜力。栗战书指出，维护多边主义和自由贸易是世界大多数国家的共识。中方不刻意追求贸易顺差，愿在相互尊重、平等互利的基础上通过谈判解决国家之间存在的贸易分歧，坚持在国际贸易规则前提下，既维护双方利益，又体现非歧视原则，统筹考虑各方平衡。尽管受到一些外部因素冲击，中国经济仍保持健康平稳发展，我们对中国经济充满信心。欧尔班表示，匈方坚定支持并积极参与共建“一带一路”，愿与中方共同维护自由贸易体制，推进欧亚经济发展。与克韦尔会谈时，栗战书说，中国全国人大愿同匈国会继续保持友好往来，优化双方合作的法治环境，积极推动文化、教育、旅游、体育等方面的交流与合作。栗战书说，一个国家选择的道路和制度好不好，关键看能否实现国家持续稳定发展，能否增进民生福祉，能否得到人民拥护，能否促进和推动人类文明和社会进步。我们坚定不移走中国特色社会主义道路，同时尊重和支持各国独立自主走符合国情的发展道路。克韦尔表示，匈中关系正处于历史最好时期。希望两国立法机构不断充实合作内涵，更好助力国家关系发展。会谈后，双方共同会见了记者。栗战书出席中匈建交70周年研讨会开幕式并讲话，强调要坚持肝胆相照、相互尊重、互利共赢、民心相通，共同谱写新时代中匈友谊的新篇章。栗战书还考察了匈中双语学校、华为公司欧洲供应中心、中欧商贸物流合作园区，并向匈牙利民族英雄纪念碑敬献花圈。
20190524_04,20190524,全国政协召开双周协商座谈会 围绕“推进大运河文化带建设”建言资政 汪洋主持,十三届全国政协第二十三次双周协商座谈会24日在京召开。中共中央政治局常委、全国政协主席汪洋主持会议并讲话。他强调，大运河文化带建设是千秋工程，值得政协委员持续用心用情用力。要深入学习领会习近平总书记关于大运河保护的重要指示批示精神，把共抓大保护、不搞大开发的原则贯穿大运河文化带建设全过程，使之成为展示中华文明的金名片和民族复兴的标志性文化品牌。12位委员、专家学者围绕大运河绿色生态廊道建设、沿线地区古镇古村保护、文化与旅游融合、促进运河文明中外交流等建言资政，98位委员在全国政协委员移动履职平台上踊跃发言。一些委员建议，大运河文化带建设是艰巨繁重的系统工程，要树立系统思维和整体观念，坚持以文化为主线和灵魂，首要任务是做好历史文化遗产的抢救、发掘、保护和展示，最大限度地保持文化遗产真实性、完整性和延续性，促进文化与旅游深入融合。要坚持以水为命脉和基础，推进大运河河道水系治理管护，通过跨区域调水实现主河道全线有水和生态改善，让大运河的血脉“活”起来。要坚持以人为中心，旅游开发、特色村镇建设应始终把群众利益放在首位，充分尊重原住民的意愿。要加强统筹协调，尽快形成齐抓共管、社会协同的工作格局。要研究制定大运河保护条例，加强中外运河文明交流互鉴，面向世界讲好当代运河治理保护的中国故事。全国政协副主席刘奇葆在会上作主题发言。国家发展改革委负责人介绍了有关情况，自然资源部、生态环境部、水利部、文化和旅游部、国家文物局负责人现场作了互动交流。
20190524_05,20190524,汪洋会见巴西副总统,全国政协主席汪洋24日在人民大会堂会见巴西副总统莫朗。汪洋表示，中方始终将中巴关系置于中国外交的优先位置，高度赞赏巴新政府重视推动中巴全面战略伙伴关系发展以及对加强两国合作的积极务实态度。近年来，在两国领导人引领下，中巴已成为利益交融的共同体，各领域合作成果丰硕。中方欢迎巴方参与共建“一带一路”，愿通过各种合作机制加强交流，深化各领域务实合作，继往开来地推动两国关系迈上新水平。莫朗表示，巴新政府高度重视深化同中国关系，愿在互相信任、互惠互利的基础上，加强“一带一路”倡议同巴发展规划对接，大力推进双边贸易、投资、基础设施、航空制造业等各领域合作。夏宝龙参加会见。
20190524_06,20190524,国务院办公厅印发《职业技能提升行动方案（2019—2021年）》,国务院办公厅近日印发《职业技能提升行动方案（2019—2021年）》。《方案》指出，要把职业技能培训作为保持就业稳定、缓解结构性就业矛盾的关键举措，作为经济转型升级和高质量发展的重要支撑，2019年至2021年，持续开展职业技能提升行动，提高培训针对性实效性，全面提升劳动者职业技能水平和就业创业能力。三年共开展各类补贴性职业技能培训5000万人次以上，到2021年底，技能劳动者占就业人员总量的比例达到25%以上，高技能人才占技能劳动者的比例达到30%以上。
20190524_07,20190524,亚洲文明对话大会筹委会负责人发布本次大会成果,亚洲文明对话大会筹委会负责人发布本次大会成果。2019年5月15日，亚洲文明对话大会在中国北京举行。亚洲47个国家以及域外其他国家的政府官员和文化、教育、影视、智库、媒体、旅游等领域的代表共计2000余人参加大会开幕式和分论坛。大会举办了规模盛大的亚洲文化嘉年华和丰富多彩的亚洲文明周活动，吸引民众踊跃参与。大会在广泛凝聚各方共识基础上，发布会议共识文件。同时，参加大会的中外机构签署一系列多边双边倡议和协议，发布一批重大项目成果和研究报告，形成了一批推动文明交流互鉴的务实举措和合作成果，共4大类26项。
20190524_08,20190524,宁吉喆：中美经贸摩擦升级对中国经济影响总体可控,针对近期美国不断升级的经贸施压，国家发展改革委副主任宁吉喆在接受本台记者采访时表示，中美经贸摩擦升级对中国经济虽有影响，但中国经济发展的基本面是好的。只要保持战略定力，增强必胜信心，集中精力办好自己的事情，一定能将美国升级经贸摩擦的不利影响降到最低，实现经济平稳健康可持续发展。作为参与多轮中美经贸磋商中方代表团的重要成员之一，宁吉喆表示，认清中美经贸摩擦的本质，要从三个方面来把握。去年以来，美国先后三次对我国出口美国的产品加征关税。同步推行各种进出口管制政策。如何看待这对中美经贸领域的影响？宁吉喆认为，市场潜力大，是中国经济持续稳定发展的另一重要支撑。中国有近14亿人口，世界上最大规模的中等收入群体正在崛起，居民消费升级趋势明显。此外，转型升级空间广，也是中国经济平稳发展的一大支撑。从产业角度看，制造业提质增效步伐加快，服务业在经济总量中比重稳步提高；从技术角度看，科技投入持续加大，2018年全国研究与试验发展经费近2万亿元，投入强度为2.18%，超过OECD国家平均水平；从企业角度看，一批具有较强国际竞争力的企业正在涌现。宁吉喆表示，下一步，国家将围绕“六稳”出台一批新的政策措施。对大学生实施就业创业促进计划和基层成长计划。实施新生代农民工职业培训计划。重点加快中央预算内投资安排使用，目前，今年5776亿元国家预算内投资已经下达了89%，可以带动几万亿元的全社会投资。6月底前，出台精简的2019年版外商投资准入负面清单，还将出台2019年版鼓励外商投资产业指导目录，继续支持重大外资项目落地。
20190524_09,20190524,人民日报钟声文章：公平合作是唯一正确的选择——零和博弈必将失败,今天（5月24日）出版的人民日报发表钟声文章，题目是《公平合作是唯一正确的选择——零和博弈必将失败》。文章说，公平竞争、共赢合作，本该是国际社会的基本样貌。可悲的是，美国一些政客只想着“你输我赢”。文章指出，中美作为两个大国，合作是双方唯一正确的选择，这不仅有利于两国和两国人民，还将对世界和平与繁荣产生巨大作用，任何错误思维和战略误判都有可能引发全球连锁反应。文章说，中国的发展是为了让本国人民过上好日子，也让世界各国人民都过上好日子，而不是要与谁“零和博弈”。这一代表了历史正义和世界潮流的伟大进程是谁都阻挡不住的。
20190524_10,20190524,【国际锐评】企图封堵十四亿人口的大市场，是痴人说梦！,本台刊播国际锐评《企图封堵十四亿人口的大市场，是痴人说梦！》锐评指出，近日，多家外企针对“与华为中止合作”的谣言纷纷做出澄清，表示他们并没有因为美国政府的限制令而停止对华为供货等合作。这表明，美国对华为的出口管制令损害了包括美国企业在内的多家外企的利益，不得人心。基于各国发展诉求和市场经济规律而构建的全球产业链是谁也切不断的！某些美国政客封堵拥有十四亿人口中国大市场的企图更是痴人说梦！搬起石头砸自己的脚，这恰恰是美方蛮横行径的结果。应该问一问美国那些失去理智的疯狂政客：你们能给美国的豆农、飞机制造商、芯片制造商们提供一个十四亿人口的市场吗？全球化发展到今天，不管美方如何封堵打压，中国将始终向世界敞开大门，继续成为全球投资的热土、世界贸易的乐园。而自筑藩篱的美国政客，正加速将“星条旗号”驶向与世隔绝的“孤岛”。
20190524_11,20190524,新华社述评：抓住数字机遇 打造经济新高地——从数字经济看发展新动能,新华社今天（5月24日）播发聚焦中国经济亮点述评《抓住数字机遇 打造经济新高地——从数字经济看发展新动能》。
20190524_12,20190524,复旦大学：守正创新 开门办好思政课,复旦大学把思政小课堂同社会大课堂结合起来，教育引导学生做新时代奋斗者。这里正在进行的是一堂面向复旦大学全校师生的“国企公开课”，由国企骨干人员担任校外辅导员，现场解答同学们对当下经济形势提出的问题。十九大以来，复旦大学投入近1000万元，组建百人研究团队，设立38个研究项目，不断推进党的理论创新，用科研成果反哺思政教学。在复旦大学，还活跃着一支由120名讲师组成的博士生讲师团，他们利用寒暑假，在基层一线边实践边宣讲，为群众提供近200个主题的“点单式”讲座。十九大以来，共开展主题宣讲454场，服务群众2.8万人次。
20190524_13,20190524,杭州：创新“三服务” 提升基层获得感,今年，浙江杭州启动“服务企业、服务群众、服务基层”的三服务活动，为百姓生活排忧解难，为企业发展保驾护航。东洲工业园地处杭州和富阳交界处，交通不便。最近，职工们发现，园区有了一条“直达公交车”线路。通过优化公交线路，“三服务”团队解决了职工们上下班最后一公里的问题，而以往由于交通不便，企业人才流失的情况也得到了缓解。进企业，听需求，到基层，解难题。在建德市，35户教职工因为缺少集资建房相关材料，住了20多年的教职工宿舍始终拿不到产权证明。了解情况后，当地“三服务”团队立即协调各个部门，搜集相关材料。花了2个月，“三服务”团队终于确定了教职工们的住房属性，教职工们拿到不动产权证指日可待。截至目前，通过“三服务”活动，仅杭州市直单位就已收集各类问题854条，办结329条，满意率达94.8%。
20190524_14,20190524,广东：“厕所革命”提升文明服务水平,小厕所，大民生。近年来，广东多措并举推进“厕所革命”，提升老百姓的获得感和幸福感。这个独具岭南建筑风格的服务区是广乐高速花城服务区，节假日车流量每天可以超过10万辆次。在2017年“厕所革命”中，服务区改造升级，男女厕比例达到1：3.5以上，配备了洗手液等用品，还设有第三卫生间、母婴室等服务设施。目前，广东省高速公路服务区厕所改造已投入超过2亿元，沿线329处厕所全部改造完成，管理部门每天还会对清洁状况监督管理。在旅游景区，广东更是将厕所打造成“景中景”。全国5A级景区白云山日客流量超过5万人次，节假日更是超过10万人次。在景区山顶厕所，设计了自由移动的隔板，管理员可根据人流量，动态调整男女厕比例。到2020年，广东将新改建城市公厕约3000座，旅游厕所2700多座，农村公厕约1万座，实现城乡文明公厕全覆盖。
20190524_15,20190524,国内联播快讯,一季度我国农产品质监合格率97.6%农业农村部今天（5月24日）发布，一季度我国农产品质量安全例行监测抽检总体合格率为97.6%，同比上升0.3个百分点。抽检样品涵盖蔬菜、水果等94个品种，监测农兽药残留和非法添加物参数130项。国务院安委会考核巡查出近2000条问题国务院安委会考核巡查工作自4月中旬开始到5月20日全部结束。16个考核巡查组抽查了95个地市、164个区县和近1000家安全生产重点行业领域企业和单位，查出近2000条问题。对于考核巡查发现的问题，巡查组要求抓紧整改，消除隐患。
20190524_16,20190524,国际组织警告美贸易保护主义危害,国际货币基金组织、世界贸易组织和经济合作与发展组织这三大国际组织近期都警告，美国的贸易保护主义不仅影响美国经济，也将使全球经济增长失去动能。国际货币基金组织：美加征关税几乎全由美企和消费者承担23日，国际货币基金组织发布一份名为《中美贸易紧张局势造成的影响》的报告。报告指出，美国对中国商品加征关税成本几乎全部由美国企业承担，其中一部分已经转嫁给美国消费者。报告还通过数据对比发现，2018年美国对中国商品加征关税后，美国从中国进口商品的价格急剧上涨，而美国加征关税对美国所希望的扭转对华贸易逆差基本没有产生影响。国际货币基金组织还警告称，如果中美经贸摩擦持续，在短期内，将使全球国内生产总值下滑0.3%。此外，贸易壁垒的增加将破坏全球供应链，并影响新技术传播的速度，导致全球生产率下降。世贸组织总干事：贸易保护主义危害全球世界贸易组织总干事阿泽维多23日在接受美国消费者新闻与商业频道采访时表示，世界贸易组织的专家们一致认为，部分国家贸易保护主义倾向加剧，使全球经济增长失去动能。经合组织：2019年贸易增长跌至十年最低近日，经济合作与发展组织在2019年世界经济展望报告中，也将2019年世界贸易增长率下调至2.1%，为十年来最低水平。而在经合组织专家看来，中国经济正在取得新的平衡，他们对中国经济发展仍然保持信心。
20190524_17,20190524,特雷莎·梅宣布将辞任英保守党党首,英国首相特雷莎·梅于24日宣布，将于6月7日辞去保守党领导人一职，但她将继续履行首相职责，直到新党首选出。届时，新党首将自动出任英国首相。由于特雷莎·梅提出的“脱欧”法案一直无法在议会获得通过，多位保守党内阁要员近期辞职。
20190525_00,20190525,【央视短评】深藏功与名 是境界更是坚守,淡泊名利的张富清老人，其实很富有。战争年代出生入死，一枚枚军功章镌刻着他的荣耀，他的经历很富有；和平时期，为贫困山区奉献一生，用共产党人的本色赢得群众信赖，他的精神很富有。理想信念是这个时代最宝贵的精神财富。不忘初心、不负使命、不改本色，张富清为我们树立了一个坚守信仰的时代标杆。
20190525_01,20190525,李克强在部分地方减税降费工作座谈会上强调 以政府过紧日子确保减税降费到位 更大激发市场活力更好保障基本民生,24日，中共中央政治局常委、国务院总理李克强在山东济南主持召开部分地方减税降费工作座谈会。山东省委书记刘家义、省长龚正和河北省长许勤、江苏省长吴政隆、福建省长唐登杰、河南省长陈润儿、贵州省长谌贻琴发了言。李克强说，今年我国面临复杂严峻形势，虽然一季度经济开局良好，但平稳运行态势还不稳固，外部不确定因素和挑战增多。要坚持以习近平新时代中国特色社会主义思想为指导，抓紧落实党中央、国务院决策部署，统筹做好“六稳”工作，依靠改革开放更大激发实体经济活力，战胜困难挑战，把自己的事办好，为实现比较充分的就业、经济平稳健康发展奠定稳固基础。李克强说，确保更大规模减税降费落实到位，关系经济社会大局。一要算好当前账和长远账。减税降费会减少眼前财政收入，但会增强企业发展信心和动力，带动扩大就业，促进经济持续增长和税源扩大。二要算好中央账和地方账。为减税降费，中央财政做了充分准备，可以平衡全国收支。各地要深挖潜力，通过盘活存量资金资源做大可用财力“蛋糕”，支持减税降费。各级政府要过紧日子，保障好“保工资、保运转、保基本民生”等支出，不该支出的钱一分也不能花，把省下的钱用于重点建设和民生改善。李克强说，中国经济韧性很强，宏观调控仍有政策工具运用空间。下一步对制造业增值税留抵退税还要放宽条件，并研究完善对企业研发创新的支持政策。要跟踪分析经济运行情况，完善应对措施，确保经济平稳运行、民生不断改善，推动高质量发展。肖捷参加。
20190525_02,20190525,王岐山将访问巴基斯坦 荷兰和德国,应巴基斯坦总理伊姆兰·汗、荷兰王国首相吕特、德国联邦政府邀请，国家副主席王岐山将于5月26日至6月2日访问巴基斯坦、荷兰、德国。
20190525_03,20190525,【壮丽70年 奋斗新时代】绵阳：传承两弹精神 勇攀科技高峰,位于四川绵阳的两弹城，是中国工程物理研究院的旧址，老一代科学家们在这里，不仅实现了原子弹、氢弹的小型化等一系列重大跨越，还为国家的科技发展开拓了新的方向。如今，新一代科研工作者传承“两弹精神”，把青春和智慧献给了建设科技强国的伟大事业。在这座不起眼的小楼里，黎明带领团队正在对一项前沿科技发起冲击。这个叫做太赫兹自由电子激光装置的设备，代表着中国在这一基础研究领域达到世界先进水平。太赫兹是介于微波和红外之间的一小段特殊的电磁波段，也是人类最后一个有待开发和利用的波段，将在新材料、生物医学等领域发挥重要作用。黎明和团队的工作，就是利用自由电子激光技术制造太赫兹源。为了探索这个高新技术，黎明1992年来到中物院。他说，是两弹一星科学家们的精神激励他坚持了下来。黎明从事的自由电子激光装置研究正是老一辈科学家认定的事。对这些前沿科技的关注从他们在两弹城工作和生活的那个年代就开始了。这份手稿的落款日期，是1986年的3月28日，距离邓稼先因病去世只有不到四个月的时间。在生命的最后时刻，发展祖国的高技术还是邓稼先放不下的牵挂。而手稿中提到的自由电子激光技术，正是黎明团队研究的方向。如今，这个团队平均年龄35岁，很多人都是清华、北大的博士生。但为了共同的理想，大家都不约而同地放弃了在大城市的优厚条件，选择来到这里。在这间实验室里，还悬挂着王淦昌老先生的亲笔题字——“努力发展自由电子激光及其应用”。今天，与世界并跑的激光打靶实现核聚变的设想，就是王淦昌1964年首先提出的，这一技术路线后来被称为“人造太阳工程”。从老一辈科学家到年轻一代，“两弹精神”始终指引着他们，用坚守铸就民族脊梁。
20190525_04,20190525,王志军：我国工业总体平稳 将持续推进对外开放,日前，针对美国单方面挑起贸易摩擦，工业和信息化部副部长王志军接受新闻媒体联合采访时表示，美国加税的行为，对中国不利、对美国不利，对世界也不利。虽然国内部分行业和企业会面临成本增加、订单减少等压力，但总体上影响可控。王志军给记者算了这样一笔账，对美2000亿美元出口商品占2018年我国对美出口额的41.8%，但只占我国对外总出口额的8%。在2000亿美元加征关税商品中主要是工业品，约有1800多亿，涉及我国机械、电子、轻工、纺织、石化等行业。针对近期美国出于政治目的，打压华为等中国企业的一系列行为，王志军表示，美国的行为打乱了集成电路产业正常的国际分工体系，严重违背集成电路产业发展客观规律，降低了资源配置效率和产业发展速度。王志军介绍，中国已经形成了较为完备的基础设施、产业体系，营商环境不断优化，依然是全球最具吸引力的投资目的地之一。今年1至4月，制造业实际利用外资943.8亿元，同比增长11.4%。这充分显示了外国投资者对中国经济的坚定信心。王志军介绍，今年以来，我国工业运行不只增速平稳，从结构上看，4月份高技术制造业增长11.2%，比全部制造业加快5.9个百分点，比一季度加快3.5个百分点。从预期看，企业发展信心持续改善，制造业采购经理指数已经连续2个月处于景气扩张区间，生产经营活动预期指数连续3个月处于56%以上，王志军表示，我国还将持续推进和提升工业领域对外开放水平。此外，我国将扩大鼓励外商投资的领域和范围，推动重大外资项目加快落地实施。坚持内外资企业“一视同仁”原则，深化“放管服”改革，全面清理取消负面清单以外领域对外资的准入限制，采取“非禁即入”原则，构建“内外一致”、公平竞争的市场环境。
20190525_05,20190525,人民日报钟声文章：狂风骤雨不能掀翻大海——逆势而动必将失败,今天（5月25日）出版的人民日报发表钟声文章，题目是《狂风骤雨不能掀翻大海——逆势而动必将失败》。文章说，美国一些政客大放厥词，说什么“自由贸易不是全球化”“全球化带给美国千千万万工人的只有贫穷和悲伤”。这些论调无非是想把国内矛盾的锅甩给经济全球化，妄图以牺牲全球利益和他国利益为代价来谋求自身利益最大化。文章指出，正是这种阴暗的想法，让美国一些政客失去了理性，搬出锈迹斑斑的“冷兵器”，动辄以关税施压，滥用“国家安全审查”，搅得各国不得安生。文章说，一个国家不管有怎样的实力，倘若与潮流为敌、同大势作对，必然会碰得头破血流。历史已经证明，还将再次证明，谁拒绝这个世界，定会被这个世界所拒绝。我们奉劝那些美国政客，一味逆历史潮流而动必将失败！
20190525_06,20190525,【国际锐评】关税大棒吓退不了在华外企,本台刊播国际锐评：关税大棒吓退不了在华外企。锐评指出，美方最近声称，在对中国输美产品加征关税的情况下，一些企业将从中国搬迁到越南和其他亚洲国家生产，而一些美国企业将搬回到美国生产。这些论调违背了市场经济规律常识，只是美方别有用心的臆想。众所周知，当前中国经济正转向高质量发展，在全球产业链和价值链中的地位逐渐上升，包括纺织服装、鞋帽等在内的中低端制造业外迁，符合全球产业转移的发展规律，纯属市场经济的常态，绝非美国对华加征关税所致。反观美国，由于白宫决策层一意孤行地执意加征关税，极大增加了市场的不稳定性、不确定性。自去年以来，美国企业便掀起了出走潮，将产业链转移至其他国家，以便更好地应对中国及其他市场的需求。美国举起关税大棒，吓退不了在华发展的外资企业，反倒是逼着“美国制造”纷纷出走，加剧了美国产业空心化危机。这种“冰火两重天”景象的制造者，正是奉行“极端利己主义”的美国决策层。
20190525_07,20190525,新华社述评：发力新能源 增添新活力——从新能源汽车产业发展看中国经济新动能,新华社今天（5月25日）播发聚焦中国经济亮点述评《发力新能源增添新活力——从新能源汽车产业发展看中国经济新动能》。
20190525_08,20190525,创新+开放 重庆外贸实现良好开局,重庆以创新驱动为引领，不断提升对外开放水平，今年一季度，重庆外贸进出口总值同比增长21.9%，实现良好开局。1315.3亿元，这是今年一季度重庆外贸进出口交出的成绩单。其中，加工贸易增幅明显，占到了重庆进出口总值的近一半。就在这个月，这家位于西永综合保税区的企业新增了一条“电子书”生产线，“电子书”屏幕是水墨屏，具有智能手机的所有功能，其主板全部由企业自主研发。企业有底气推广新产品、新技术，离不开重庆给力的政策保障。从企业用地到物流运输，保税区都有完善的配套优惠政策。创新让企业出口竞争力显著增强，而围绕“一带一路”不断拓展的贸易通道建设，则让重庆的朋友圈越来越大。在重庆团结村火车站场，一列满载汽车零部件的专列即将前往印尼雅加达港。依托中欧班列和陆海贸易新通道，今年一季度，重庆对欧盟和东盟外贸总值大幅增长。重庆还通过简化通关、金融支持等措施，让贸易更便捷。今年一季度，重庆对“一带一路”沿线国家进出口总值超过360亿元，同比增长超过34%。
20190525_09,20190525,山东：整合欧亚班列 畅通开放大通道,山东依托自身产业优势和区位优势，把过去各地分散经营的欧亚班列整合为“齐鲁号”省级运营平台。在济南，近百辆国产汽车正在装箱，它们将搭乘“齐鲁号”欧亚班列进入俄罗斯。今年以来，山东已开行50多列“齐鲁号”欧亚班列。而此前，山东开行欧亚班列的9个城市经营分散。去年10月，山东将9家欧亚班列整合统筹。不久前，山东省政府率团前往日本、韩国，设立“齐鲁号”欧亚班列韩国营销中心拓展货源。不少企业还在班列经停城市建立海外分公司。目前，“齐鲁号”欧亚班列已拥有19条国际线路，可直达11个国家39个城市。按照规划，到2021年，山东将确保“齐鲁号”双向往返开行1000列。
20190525_10,20190525,贵州：“大数据”助推信息化精准扶贫,贵州省不断推进大数据和民生服务的深度融合，不断扩大贫困地区信息化扶贫力度，助力精准脱贫。这两天，贵州铜仁万山区的几个新市民社区又迎来了2000多名易地扶贫搬迁群众。按照过去的做法，大型的集中招聘会是少不了的。不过现在，当地有了更便捷的就业办法。万山区是铜仁市主要的易地扶贫迁入地，但分散的安置点让有用工需求的企业很难快速掌握搬迁群众信息，依托就业大数据平台，企业和搬迁群众直接在平台上实现互动对接。助力就业保障的同时，大数据也在扶贫产业中发挥着作用。在铜仁松桃县新庄村，村民们依靠手机APP就可以对自家的养殖场进行管理。每天投放多少饲料、如何防疫等技术细节，村民们都依靠一款手机App进行把控。依托大数据平台，目前贵州27.7%的农业企业实现生产管理精准化，57.9%实现了市场销售网络化，全省农业大数据平台累计服务建档立卡贫困户200万人次，带动近10万贫困户增收。
20190525_11,20190525,八部门联合下发庆祝“六一”儿童节通知,日前，全国妇联、中央文明办、共青团中央等八部门共同下发《关于庆祝2019年“六一”国际儿童节的联合通知》，要求各地、各部门组织开展庆祝新中国成立70周年宣传教育活动，在少年儿童中唱响爱党、爱国、爱社会主义主旋律。
20190525_12,20190525,国内联播快讯,固安特大桥跨廊涿高速段转体成功京雄城际铁路——固安特大桥跨廊涿高速公路连续梁今天（5月25日）成功完成转体。转体梁长128米重8177吨，是全国首例不平衡转体连续梁。京雄城际铁路正线全长92.4公里，计划于2020年底投入使用。敦格铁路当金山特长隧道贯通敦格铁路控制型工程——当金山特长隧道昨天（5月24日）贯通。敦格铁路连接甘肃敦煌与青海格尔木，全长616.79公里，是连接甘肃、青海、新疆、西藏四省区的一条便捷通道，预计今年9月30日全线通车。中国赴黎维和部队荣获联合国荣誉勋章中国第17批赴黎巴嫩维和部队410名官兵，日前全部荣获联合国“和平荣誉勋章”。维和部队及多功能工兵分队、建筑工兵分队和医疗分队，首次全建制荣获联黎最高集体荣誉“司令嘉奖”。“你好祖国”万人合唱活动在京举行以“你好祖国”为主题的第八届北京合唱节昨天（5月24日）在北京开幕。本届合唱节一直持续到8月底，将开展优秀合唱团进京展演等十项活动，并向全国征集原创合唱作品。预计今年参与活动的人数将达到2万人。
20190525_13,20190525,美各界：与中方合作是唯一正确选择,对于美国政府挑起的中美经贸摩擦，美国国内各界人士指出，政府的行为没有给美国经济和民众带来好处，沟通合作才是唯一正确的选择。金融机构：加征关税增加美家庭负担美国纽约联邦储备银行23日发表文章说，美国政府对2000亿美元中国输美商品加征关税从10%上调至25%，将导致一个普通美国家庭每年负担增加831美元，约合5741元人民币。农业机构：政府支票不能替代市场包括农业在内的美国多个行业也因为美国政府挑起贸易争端受到不利影响。美国农业部23日声称，要提供最高160亿美元的援助计划，对此美国农业协会等多方明确指出，政府的支票不能替代失去的市场。美国主要农业游说组织“美国农会联合会”的报告也显示，许多农民难以偿还债务，美国中西部农场破产案例自去年以来大幅增加。美地方官员：推动美中合作对于当前局面，多位美国地方官员在第五届中美省州长论坛期间指出，加强合作才是中美关系发展的正确道路。论坛期间，中美地方政府及企业还签署了多项合作协议。
20190525_14,20190525,国际联播快讯,伊朗军方强硬回应美增兵中东计划伊朗媒体25日援引伊朗军方官员的话报道说，美国宣布向中东增兵，如果美方作出任何愚蠢举动，伊朗将用导弹和秘密武器，将增派的美国战舰连同上面的飞机和士兵一起送入海底。24日，美国政府宣布将向中东增兵大约1500人，以回应所谓“伊朗威胁”。同时绕开国会审议程序，推动对约旦、阿联酋和沙特价值超过80亿美元的军售。法国里昂发生爆炸至少13人受伤法国东南部城市里昂市中心一广场附近的面包店门口24日发生爆炸，造成包括一名儿童在内的至少13人受伤。监控录像显示，一名男性嫌疑人骑自行车来到面包店外后放下装有炸弹的箱子。不久后，爆炸发生。里昂警方已经在对这名嫌疑人展开搜捕。巴黎反恐部门也已介入案件调查工作。
20190526_00,20190526,习近平向2019中国国际大数据产业博览会致贺信,2019中国国际大数据产业博览会5月26日在贵州省贵阳市开幕，国家主席习近平向会议致贺信。习近平指出，当前，以互联网、大数据、人工智能为代表的新一代信息技术蓬勃发展，对各国经济发展、社会进步、人民生活带来重大而深远的影响。各国需要加强合作，深化交流，共同把握好数字化、网络化、智能化发展机遇，处理好大数据发展在法律、安全、政府治理等方面挑战。习近平强调，中国高度重视大数据产业发展，愿同各国共享数字经济发展机遇，通过探索新技术、新业态、新模式，共同探寻新的增长动能和发展路径。希望各位代表和嘉宾围绕“创新发展·数说未来”的主题，共商大数据产业发展与合作大计，为推动各国共同发展、构建人类命运共同体作出贡献。
20190526_01,20190526,聚焦问题精准发力 决胜脱贫攻坚,脱贫攻坚战已进入决胜的关键阶段。习近平总书记指出，各地区各部门务必高度重视，着力解决“两不愁三保障”突出问题。要把防止返贫摆在重要位置，适时组织对脱贫人口开展“回头看”，让脱贫具有可持续的内生动力。这段时间，记者在脱贫攻坚一线采访，看到各地按照总书记提出的要求，逐一研究细化实化脱贫举措，聚焦精准，尽锐出战。把防止返贫摆在重要位置。这两天，地处秦巴山连片特困地区的四川大竹县前锋村，一个脱贫“回头看”评估小组四处忙活着，小组成员由县里农业、扶贫、金融等部门组成。他们不看成绩单，只看短板和返贫风险。这次他们盯住的是村里的脱贫产业——香椿。前锋村去年脱贫出列，靠的就是香椿产业，然而这次评估小组却发现，今年周边区县的种植规模增加，使得香椿芽的市场价从去年每亩4000元下降到3000元，如果没有其它种养殖，这极有可能成为前锋村返贫的风险点。为避免返贫风险，评估小组拿出对策：一是增加林下种养殖，二是通过香椿精深加工增加附加值。目前，像大竹县这样的脱贫“回头看”，已在四川的161个县实施，覆盖贫困人口500多万人。如何让“脱真贫”不打折扣？对黑龙江桦川县的深度贫困群众而言，因病致贫是他们脱贫路上的“拦路虎”。当地在九种大病集中救治的基础上，有针对性地扩增了白内障和股骨头置换集中救治。今年以来，当地已为160例因病致贫患者完成了白内障免费复明手术，25例进行了股骨头置换。大病救治、慢性病建档管理、重病兜底保障等……在各地，一系列的健康扶贫政策，让“小病拖成大病，大病拖垮家庭”问题逐步得到解决。与此同时，要破解“两不愁三保障”突出问题，还要有持续增收的渠道。地处武陵山集中连片特困地区的湖南新化县，为易地搬迁贫困户量身定制了“脱贫良方”，让贫困户不愁吃、不愁穿，教育、医疗、住房都有保障。在新化县芷溪村的扶贫车间，从高寒山区易地搬迁来的方昭花，领到了这个月的2043元工资。记者发现，这里安置小区的一楼都建成了标准厂房作为扶贫车间，搬迁户“楼上住房、楼下就业”，医务室、学校都在小区旁。一家人的生活随着易地扶贫搬迁，发生了彻底改变。截至目前，湖南省已完成易地搬迁69.4万人，新化县的21969名贫困人口已搬迁入住，剩下的12467名贫困人口将在6月30日前全部搬迁入住。
20190526_02,20190526,李克强在山东考察时强调 落实减税降费 完善金融服务 促进企业郁郁葱葱蓬勃发展,24日至25日，中共中央政治局常委、国务院总理李克强在山东潍坊、济南考察。李克强十分关心更大规模减税降费中制造业受益情况。在潍柴集团，他详细询问企业税费减免数额，企业介绍从各项减税降费政策中都获得了明显实惠，有更多资金用于生产、研发和职工培训。李克强说，在以习近平同志为核心的党中央坚强领导下，中国经济保持平稳运行，当前应对复杂形势、顶住新的下行压力，减税降费是关键之举，从长远看也能增强发展后劲、培育税源，要确保落实到位。他听取企业创新情况介绍，和中外研发人员交流并视频连线企业海外研发中心，勉励企业践行工匠精神，大力开展国际创新合作，打造面向世界、竞争力强的质量、品牌和信誉，让潍柴动力、让中国装备的动力奔腾不息。歌尔公司是研制智能产品的民营企业。负责人告诉总理，今年预计减税降费1亿多元，随着发展明年享受政策红利会更多。李克强了解企业新产品性能与国际先进水平对比等情况，对企业注重研发创新和开拓市场表示赞许。他说，中国有巨大市场潜力，要靠科技创新、自己努力和广泛合作稳健扎实往前走，最终会赢得消费者。政府也会完善政策，鼓励企业研发，增强创新能力。在齐鲁银行，李克强考察缓解小微企业融资难融资贵情况。他与来办事的企业客户交谈，询问贷款成本多高、经营压力是否加大等。大家反映贷款贵问题有缓解，银行创新服务也使获得贷款更方便。李克强说，小微企业量大面广，对经济发展、就业扩大和民生改善至关重要，是中小银行的衣食父母。要健全贷款考核激励和尽职免责机制，创新产品和模式，为依法纳税、信用良好、有前景的企业提供金融支持。古诗说：“齐鲁青未了”，大家要为企业特别是小微、民营企业竭诚服务，促进他们在齐鲁大地、中国大地郁郁葱葱蓬勃发展。考察途中，李克强临时停车走进一家水果店，询问水果涨价情况和原因，他叮嘱随行负责同志要关注部分关系群众日常生活的产品价格变动情况，采取适当措施，保障供应充裕、价格合理。李克强听取山东建设新旧动能转换综合试验区情况汇报，充分肯定山东发展取得的成绩，希望坚持以习近平新时代中国特色社会主义思想为指导，深化改革开放，顶住压力、奋发进取，在支撑中国经济平稳运行、推动高质量发展中继续发挥重要作用。肖捷陪同考察。
20190526_03,20190526,【壮丽70年 奋斗新时代——推动高质量发展调研行】湖南长沙：全力打造“智造”之城,湖南省长沙市瞄准国家长江经济带发展战略，不断推动工业企业转型升级，实施智能化技术改造，促进经济高质量发展，全力打造“智造”之城。一季度，长沙高新区工业总产值突破200亿元，同比增长22%。可前些年，这里还面临产业附加值低、科创水平不高的瓶颈。如何走出困境，长沙的思路是，以智能制造推动产业转型。近年来，为引导企业智能化改造，长沙出台了一系列政策，从政策扶持、资金补贴等各方面为企业创新提供保障。长沙还邀请17名专家学者组建了智能制造工作推进小组，为智能制造提供决策服务。在大刀阔斧引导传统产业智能化改造同时，长沙还瞄准智能制造新兴领域，培育了智能网联汽车、智能装备、智能终端，自主可控及信息安全等新兴特色产业。重点打造22条工业新兴及优势产业链。坐落在湘江新区的国家智能网联汽车测试区，拥有288个测试环境，从公交车到越野车，多种无人驾驶汽车在这里试运行；由此引来一批上下游配套企业落户长沙，推动了整体产业升级。目前，在长沙，国家级智能制造试点示范和专项项目数量达到27个，总数位居全国省会城市前列；全市万人有效发明专利拥有量达29.6件，创新能力持续提升。
20190526_04,20190526,2019中国国际大数据产业博览会在贵阳开幕,2019中国国际大数据产业博览会今天（26日）在贵州贵阳开幕。大会以“创新发展·数说未来”为主题。参会国家达到59个。其中，世界500强企业达39个，境外企业占到参展企业的近35%。大会期间将举办9个高端对话、49场专业论坛，发布一系列领先科技成果以及大数据产业重要指数。同时还将围绕“数据安全”“智能制造”“人工智能”“5G”“电商与扶贫”等热点话题，举办一系列活动，共享解决方案。中国国际大数据产业博览会作为全球首个大数据主题博览会，此前已连续在贵阳成功举办四届，2017年升格为国家级博览会。本届数博会将于5月29日结束。
20190526_05,20190526,中国贸促会会长高燕：美方霸凌主义做法严重践踏多边贸易规则,中国贸促会会长高燕在接受记者采访时表示，美方以势压人的霸权做法不得人心，是对多边贸易规则的严重践踏，受到国际商协会和工商界的广泛反对。高燕介绍说，中国贸促会同世界主要经济体的商协会之间保持着密切的交流。绝大多数国际商协会、工商界对于贸易保护主义都是坚决反对的。美国加征关税的一个主要借口就是中美贸易失衡，甚至声称在两国长期的经贸合作中，美国一直在吃亏。高燕表示，过去一年多，中国企业在应对中美经贸摩擦中得到了历练，抗风险能力、开拓海外市场能力进一步提升，企业的应对也更加自信和从容了。从外贸情况看，今年1到4月，一般贸易出口2.96万亿元，增长10.2%，占比提高2.4个百分点，达到58.6%。高燕强调，中国采取的一系列扩大开放的举措，也使得中国在中美贸易摩擦升级的背景下依然是外商投资的热土。2019年1到4月中国实际使用外资持续稳定增长，同比增长6.4%。高燕表示，美国的贸易保护主义大棒，既阻挡不了中国经济稳定向好的发展态势，更改变不了中国大踏步推进改革、扩大开放的既定方向。高燕介绍说，中国贸促会已在经贸摩擦多发地区和行业建立了200家预警机构，今后还将适时发布全球经贸摩擦指数，加快建立对话渠道和行业磋商机制。
20190526_06,20190526,人民日报钟声文章：搞科技霸权就是阻碍发展进步——拒绝竞争必将失败,今天（26日）出版的人民日报发表钟声文章，题目是《搞科技霸权就是阻碍发展进步——拒绝竞争必将失败》。文章说，作为世界上的科技强国和经济大国，美方本应该明白科技发展的规律、懂得市场竞争的好处。然而，一些美国政客刻意忽视常识，频频人为干涉正常的科技合作和市场竞争。文章指出，美国拒绝竞争就是阻碍发展进步，“围堵”对手保证不了自身的领先地位，不正当手段绝非是美国立于不败之地的“王牌”。文章说，今天，中国科技创新发展步伐更不会因美国一些政客的鼓噪和干扰就停下来。奉劝那些美国政客一句：想用强权独霸阻遏中国科技进步的强劲势头，想用围追堵截打压中国发展壮大的正当权利，注定是枉费心机！
20190526_07,20190526,国际锐评：“被害妄想症”作祟 冲击中美关系基石,本台刊播国际锐评：“被害妄想症”作祟 冲击中美关系基石。锐评指出，中美关系的基石之一——人文交流正面临着美国某些人“被害妄想症”越来越大的威胁。他们将中国视为假想敌，污蔑中国“偷窃”，甚至诬陷中国留学生是“间谍”，声称中国构成了“对(美国)全社会的威胁”，需要“(美国)全社会作出响应”，其妄想力之丰富，真是挑战人类认知的极限！国之交在于民相亲。每天，有超过1.4万人乘坐航班往返于太平洋两岸，每年中美人员往来超过530万人次，双方结为姐妹城市的有200多对。青山遮不住，毕竟东流去。中美民众深入交往的历史洪流奔涌向前，不可阻挡。美国某些患有“被害妄想症”的政客，虽然竭力欺瞒恐吓美国民众，企图让他们陪自己一起发疯，但结果终究会事与愿违，最终被历史的洪流吞没。
20190526_08,20190526,新华社文章：大江奔流天地宽——“今日之中国”系列述评之一,新华社今天（26日）播发文章《大江奔流天地宽——“今日之中国”系列述评之一》。
20190526_09,20190526,新华社述评：研发加强激活新动能 紧抓机遇搏浪新时代——从企业研发看经济转型发展,新华社今天（26日）播发聚焦中国经济亮点述评《研发加强激活新动能 紧抓机遇搏浪新时代——从企业研发看经济转型发展》。
20190526_10,20190526,山西：改革创新闯新路 经济实现“开门红”,山西通过深化改革、对标一流，激发企业内生动力，实现经济高质量发展。一季度，山西主要经济指标赢得“开门红”。这几天，阳煤集团煤机制造车间里，70台数控机床全部安上了实时生产数据采集器，12个班组的132个生产工序，全部纳入一张网，生产效率提升30%。如此大力度地推进数字化改造，得益于山西省鼓励改革创新、奋发有为的政策导向。在去年并购了全球煤机行业顶尖企业德国布朗公司后，这家国企又向智能化、高端化和国际化迈出了一大步。山西的国有企业多达6000多家，长期以来，一煤独大、眼睛向内的思维习惯，使得煤机产业普遍存在体制机制不活、经济效益不高的状况。激发国企活力、动力和竞争力迫在眉睫。为此，山西省提出要解放思想，调整优化国有资本布局，实现高质量发展。企业创新转型在加速，今年一季度，山西招商引资新签约项目371个，其中转型发展项目占81%，新开工项目数增长82%，全省国内生产总值增长7.2%，迎来了近6年来的最好开局。
20190526_11,20190526,2019全国科技活动周闭幕,2019全国科技活动周今天（26日）落下帷幕，本届科技周以“科技强国、科普惠民”为主题，一批自主创新的科技成果成为展会亮点。在科技周主场活动中，住房和城乡建设部牵头组织的“水专项”展出的“全流程饮用水安全保障系统演示模型”，展示了“从水源地到水龙头”全流程技术工艺。目前，这套全流程饮用水安全保障技术体系，已在我国太湖流域、南水北调受水区以及粤港澳大湾区等地区进行了技术示范和规模化应用，同时部分设备还在尼泊尔、斯里兰卡、伊朗、柬埔寨等“一带一路”共建国家得到推广应用。作为“十三五”期间优先建设的大科学装置，圆环状的“高能同步辐射光源”装置将于下个月在北京怀柔科学城开工，2025年底验收并投入运行，高能同步辐射光源堪称是探索微观世界的利器，在生物学、材料科学等基础科学研究和高技术产业开发应用研究中都有广泛的用途。据统计，2019年全国科技活动周期间，各部门各地共举办各类科技活动21000多项，参与总人数超过3.1亿人次。自2001年起，每年5月第三周为全国科技活动周，已连续举办18届，成为公众参与度高、社会影响力大的群众性科技活动品牌。
20190526_12,20190526,国内联播快讯,国家今年为中西部招6700名免费医学生今年，国家将为中西部招收6700名五年制本科免费医学生，仅限农村生源，须参加全国统一高考，实行单列志愿、单独划线，在本科提前批次录取，免学费、住宿费，补助生活费。毕业后须到农村基层医疗卫生机构服务6年。福建“丝路海运”航线开行船舶突破500艘次利比里亚籍集装箱货轮“环球波多”号日前停泊在厦门港，标志着“丝路海运”航线自去年底开行以来，已突破500艘次。以“丝路海运”命名的国际航线目前有34条，是我国首个以航运为主题的“一带一路”国际综合物流服务品牌和平台。我国第13批援坦桑尼亚医疗队启程中国第13批援助坦桑尼亚医疗队日前从上海启程，开展为期一年的医疗援助任务。医疗队由东部战区总医院骨科、传染科、口腔科等专家组成，将为当地军民和驻坦华人华侨提供医疗服务。中国3比0击败日本 夺得苏迪曼杯冠军今天（26日），2019年苏迪曼杯世界羽毛球混合团体锦标赛决赛在广西南宁进行，由中国队对阵日本队。最终凭借在男双、女单和男单场次的胜利，中国队以大比分3比0击败日本队，历史上第11次捧起苏迪曼杯。四川卧龙拍摄到全球首例白色大熊猫四川卧龙国家级自然保护区日前通过野外红外相机，拍摄到全球首例白色大熊猫，毛发、爪子均为白色，眼睛为红色，年龄在1到2岁。这只大熊猫属于“白化”个体，是由于基因突变，导致动物体内无法正常合成黑色素，从而在外形上呈现白色。
20190526_13,20190526,多国专家：美贸易保护政策威胁全球利益,一些国家的专家和学者指出，美国采取贸易保护政策，挑起中美经贸摩擦，严重破坏了国际经济秩序和多边贸易体制，更给全球经济增长造成了威胁。一些欧洲国家的经济学家指出，美国采取贸易保护政策，是在用政治手段来干涉贸易自由，不仅给欧洲市场带来很大的不确定性，也给全球经济增长蒙上了阴影。据欧盟商会的问卷调查显示，约三分之一的受访企业家认为中美经贸摩擦是其最大担忧，中美经贸关系的不确定性使得企业做出商业决策的难度增加，对业务增长带来了严重负面影响。多国学者指出，美国以“贸易失衡”为借口挑起贸易摩擦，事实上造成美国对华贸易逆差的根源是其消费太多、储蓄不足等结构性问题造成的。更为严重的是，美国采取贸易战等手段导致贸易摩擦不断升级，使美国自身成了破坏国际经济秩序、损害多边贸易体制、扰乱世界经济治理体系的一个主要因素。
20190526_14,20190526,国际联播快讯,利比亚两股武装力量在首都附近激战25日，利比亚“民族团结政府”的军队与东部武装“国民军”在首都的黎波里南郊发生激烈冲突。“民族团结政府”方面说，他们对“国民军”阵地发动多次空袭，缴获对方三辆军车。4月初，“国民军”武装开始向首都的黎波里发起进攻，与控制该市的利民族团结政府军队交战。伊朗外长扎里夫访问伊拉克25日，伊朗外长扎里夫率领高级别代表团访问伊拉克。伊拉克总统萨利赫、总理阿卜杜勒-迈赫迪当天与扎里夫分半举行会谈，双方讨论了如何降低美国对伊朗制裁带来的损失、如何实现地区安全稳定等问题。这是扎里夫近来第二次访问伊拉克。俄核动力破冰船“乌拉尔”号下水25日，在俄罗斯圣彼得堡“波罗的海造船厂”，核动力破冰船“乌拉尔”号举行了下水仪式。这是世界上动力最大的破冰船之一，排水量达到3.35万吨，预计2022年入列俄北极船队。按计划，到2035年俄北极船队将拥有至少13艘大型破冰船。印尼巴厘岛阿贡火山再度喷发印度尼西亚巴厘岛上的阿贡火山当地时间24日晚剧烈喷发，并产生大量火山灰，导致巴厘岛部分航班暂停。25日巴厘岛伍拉莱国际机场的航班已基本恢复正常。目前阿贡火山仍处于警戒级别第三级。
20190527_00,20190527,创新驱动 市场多元 我国外贸势头好动能足,习近平总书记指出，我国要加快从贸易大国走向贸易强国，巩固外贸传统优势，培育竞争新优势，拓展外贸发展空间。今年以来，我国不断优化外贸结构，持续推进市场多元化，前四月，我国外贸继续保持稳中有进的发展势头，内生动力和活力不断增强。前不久闭幕的第125届广交会，有两个数字引人关注，一是产品更新率超过30%；二是高端机电产品的出口占比达到54%，两者都处于历史高位。展会上，我国外贸企业参展的高技术、高品质、高附加值产品成为了“香饽饽”。不只是广交会，从全国面上来看，今年前4月，我国高附加值的一般贸易进出口表现抢眼，同比增长6.6%，占我国外贸总额近6成。其中，集成电路、电动机及发电机等产品分别增长27%和7.8%。专家表示，在当前世界经济和国际贸易增速放缓背景下，中国正在推进的一系列政策举措，也对稳定中国的外贸起到了重要支撑。外贸结构不断优化的同时，我国市场多元化继续开拓。在浙江义乌个体经营户吴琼的商铺里，记者发现，几乎每一款产品都对标了好几个地区标准。吴琼告诉记者，往年她的产品多以阿拉伯国家为主，如今随着“一带一路”市场的开拓，她的产品已经不再局限于这些传统市场。而这也让她的销售额在今年增长了15%左右。前4个月，与“一带一路”沿线国家进出口贸易增速高于外贸整体4.8个百分点，占比提升1.3个百分点达到28.7%。中国对东盟、拉丁美洲和非洲等新兴市场进出口分别增长9%、15.1%和8.9%。与此同时，越来越多自贸协定的签署生效也为中国外贸企业扩展多元市场提供了机会。目前，中国正在与27个国家进行12个自贸协定谈判或者升级谈判。最新公布的数据显示，今年前4个月，中国对外贸易进出口总额达9.51万亿元，同比增长4.3%，表现稳健。未来，我国还将通过支持375家现有外贸转型升级基地提高发展质量和效益，新培育一批外贸转型升级基地；举办第二届中国国际进口博览会等一系列切切实实的举措，进一步助力我国外贸高质量发展。
20190527_01,20190527,李克强举行仪式欢迎瓦努阿图总理访华,27日上午，国务院总理李克强在北京人民大会堂东门外广场举行仪式，欢迎瓦努阿图总理萨尔维对我国进行正式访问。国务委员王毅、全国政协副主席何立峰、邵鸿出席欢迎仪式。军乐团奏瓦、中两国国歌。鸣礼炮19响。李克强陪同萨尔维检阅了中国人民解放军三军仪仗队。随后，两国领导人观看了分列式。
20190527_02,20190527,李克强同瓦努阿图总理举行会谈,欢迎仪式后，两国总理举行了会谈。李克强表示，中瓦建交37年来，双方始终相互尊重、平等相待，在涉及彼此核心利益和重大关切问题上相互支持，两国关系不断取得新的发展。中方始终主张大小国家一律平等，通过合作实现互利共赢。中瓦同属发展中国家，我们愿同瓦方发挥各自优势，增进政治互信，深化各领域交流与合作，推动中瓦全面战略伙伴关系迈上更高水平。李克强指出，中方愿将“一带一路”倡议同瓦方发展战略更好对接，共商共建共享。深化在基础设施建设、经贸、渔业、旅游等领域的互利合作。中方鼓励中国企业赴瓦投资兴业，扩大进口瓦优质产品。加强人文交流合作，不断增进两国人民之间的相互了解和友谊。中方将继续在力所能及范围内向瓦方提供帮助。我们支持瓦努阿图在南太地区发挥重要作用，愿同瓦方加强在国际和地区事务中的沟通协调。中方支持瓦方明年举办太平洋岛国论坛，愿为瓦方提供必要协助。萨尔维祝贺新中国成立70周年。他表示，瓦方高度重视对华关系，赞赏中国在全球事务和经济治理中发挥的重要作用。瓦中关系基于相互信任、互利共赢。瓦方坚定奉行一个中国政策，支持中方捍卫主权和领土完整的努力。瓦方感谢中方给予的无私支持和帮助，愿同中方不断深化政府间和人文交往，推进贸易、投资、基础设施、电信等领域合作，推动双边关系及中国同太平洋岛国关系迈上新台阶。会谈后，两国总理共同见证了多项中瓦双边合作文件的签署。双方还将发表中瓦联合新闻公报。王毅、何立峰出席上述活动。
20190527_03,20190527,栗战书会见塞尔维亚国民议会副议长,全国人大常委会委员长栗战书27日在人民大会堂会见了塞尔维亚国民议会副议长阿尔西奇。栗战书说，中塞友谊历久弥新，两国互为真诚的朋友。近年来，在习近平主席与武契奇总统共同引领下，双边全面战略伙伴关系提升到新高度，务实合作站到“一带一路”合作的最前沿。双方要巩固和深化传统友好，继续在涉及彼此核心利益和重大关切问题上相互坚定支持，做政治互信、共同发展、民心相通的典范，打造更紧密的利益和命运共同体。两国立法机构应加强立法、监督、治国理政等方面交流合作，为落实好两国元首重要共识、深化中塞关系提供更有力保障。阿尔西奇说，塞尔维亚国民议会愿与中国全国人大密切交往，充分发挥双方合作委员会的作用，为推动两国务实合作、促进民众友好感情作出新贡献。
20190527_04,20190527,汪洋在四川甘孜调研,中共中央政治局常委、全国政协主席汪洋近日在四川甘孜藏族自治州调研。他强调，藏区工作关系党和国家工作大局，要认真贯彻落实习近平总书记关于藏区工作的重要论述和党的治藏方略，提高政治站位，坚持依法治藏、富民兴藏、长期建藏、凝聚人心、夯实基础，坚定不移开展反分裂斗争，维护宗教领域正常秩序，全力以赴打好脱贫攻坚战，确保藏区人民幸福安康和社会大局持续稳定。25日至27日，汪洋深入甘孜农村、牧区、宗教活动场所了解情况，并主持召开座谈会，听取有关方面的意见建议。汪洋充分肯定党的十八大以来四川藏区宗教事务管理和脱贫攻坚工作成绩。他指出，要全面贯彻党的宗教工作基本方针，坚持我国宗教中国化方向，引导宗教界自觉拥护中国共产党的领导，弘扬爱国爱教优良传统，正确认识国法与教规的关系，促进宗教健康有序发展，更好与社会主义社会相适应。要牢牢牵住寺庙管理这个“牛鼻子”，多做打基础、管根本、利长远的工作，及时总结重点寺庙规范管理的成功经验，健全长效管理机制，坚决守住抵御境外敌对势力渗透的防线。要加大优秀藏传佛教代表人士培养使用力度，加快推进佛学院规范化建设，提高宗教人士宗教学识和综合素质，更好发挥他们的积极作用。汪洋强调，开展脱贫攻坚是党的执政宗旨的重要体现，也是做好藏区民族宗教工作的有力举措。要着力提高脱贫质量，坚持扶贫与扶志扶智相结合，继续改善基础设施和公共服务，因地制宜培育特色产业。要聚焦“两不愁三保障”标准不动摇，紧盯短板弱项，集中精力攻克藏区绝对贫困堡垒，确保全面小康路上一个民族也不掉队。要巩固脱贫成果，坚持摘帽不摘政策、不摘帮扶、不摘监管，持续开展“回头看”“回头帮”，减少返贫，为逐步致富和乡村振兴打牢基础、创造条件。
20190527_05,20190527,中共中央办公厅印发《干部选拔任用工作监督检查和责任追究办法》,近日，中共中央办公厅印发了《干部选拔任用工作监督检查和责任追究办法》，并发出通知，要求各地区各部门认真遵照执行。《干部选拔任用工作监督检查和责任追究办法》共有十章42条，由中央组织部负责解释。本办法自2019年5月13日起施行。2003年6月19日中央办公厅印发的《党政领导干部选拔任用工作监督检查办法（试行）》、2010年3月7日中央办公厅印发的《党政领导干部选拔任用工作责任追究办法（试行）》同时废止。
20190527_06,20190527,【壮丽70年 奋斗新时代——推动高质量发展调研行】湖南长沙：全力构筑营商环境新高地,不沿边、不靠海的湖南长沙围绕园区和企业展开定制服务，着力改善营商环境，实现产业“生态”优化，夯实经济高质量发展基础。每个月第一周的星期五，长沙经济技术开发区金融服务集市都会如期开市。辖区内的企业可以向银行提出融资需求，银行根据企业规模、产业特点量身制定金融产品。这家新材料公司就在集市上获得了800万元贷款。只有构筑营商环境的“高地”，才能成为降低营商成本的“洼地”，从而带来产业的集聚与壮大。今年5月，长沙宁乡建设“无证明”“无收费园区”“无跑腿审批”的“三无城市”，让企业通过一根网线就能办结审批、报建等手续。宁乡经开区的这家新能源电池材料企业通过网络就完成了二期报建，不仅节省了费用，还为工程节省了近两个月时间。为优化产业“生态”，过去的一年半时间里，长沙相继出台了“工业30条”“人才新政22条”“知识产权12条”等政策，保障实体经济、科技创新、现代金融、人力资源协同发展。2018年全年，长沙向企业释放电价红利6000多万元、企业所得税减免150.71亿元、社保费减少8.78亿元，帮扶力度和成效为历年之最。
20190527_07,20190527,郭树清：稳步推进金融供给侧结构性改革 加大力度支持实体经济,中国人民银行党委书记、银保监会主席郭树清在接受记者采访时表示，中美经贸摩擦升级对我国金融市场冲击有限，随着金融供给侧结构性改革的推进，金融业加大对实体经济的支持，中国经济的韧性将得到进一步增强。郭树清表示，中美经贸摩擦发生一年多以来，我国金融市场虽然一度出现波动，但目前市场心态恢复稳定，不再盲目恐慌。郭树清表示，人民币汇率短期波动是正常的，长期来看，我国经济基本面决定了人民币不可能持续贬值，投机做空人民币必然遭受巨大损失。中国仍是世界经济增长的最大引擎，具备良好的市场空间和增长潜力。当前，我国经济基本面总体向好，为金融市场稳定提供了最重要的支撑。此外，我国宏观杠杆率保持稳定，影子银行等高风险因素正在得到化解。与此同时，金融业支持实体经济的能力也在增强。最新数据显示，今年前四个月，我国金融机构各项贷款增加7.01万亿元，同比多增1.08万亿元。投向科研技术、信息软件、居民服务的贷款增速分别为40%、17.32%、15.05%，显著超过贷款平均增速。郭树清表示，本月初公布的银行保险业12条对外开放新措施正在全面推进中。郭树清表示，我国金融业开放的空间仍然很大，未来我国将推动全面实施准入前国民待遇加负面清单的管理制度，对境内外金融机构一视同仁、公平对待。
20190527_08,20190527,人民日报钟声文章：玩弄强权注定失道寡助——唯我独尊必将失败,今天出版的人民日报发表钟声文章，题目是《玩弄强权注定失道寡助：唯我独尊必将失败》。文章说，美国的一些政客就是看不清自己，也看不清世界大势。硬要走唯我独尊、强权政治的老路。在“美国优先”的旗号下，这些人从未将其他国家的利益、世界各国人民的共同福祉放在心上。文章指出，美国一些政客讳疾忌医，自己给自己开错了药方，硬把他国说成是“让美国再次伟大”的障碍。把脏水往别人身上泼，这样的偏执和任性不仅是在转嫁国内矛盾，更会蒙蔽自己的双眼，错过自我改善的时机，导致误国误民。文章说，任何一个国家，不走合作共赢的道路而醉心“零和博弈”，不遵公平竞争的规则而痴迷打压别国，不顾经济全球化的潮流而选择保守主义，到头来只会四面树敌、到处碰壁。
20190527_09,20190527,【国际锐评】用长征精神打破美方围堵,本台刊播国际锐评：用长征精神打破美方围堵。锐评指出，追求科技进步、共享科技发展成果，是人类社会共同愿望，绝不是哪一个国家和民族的专属特权。面对美方霸权打压，中国在这场没有硝烟的捍卫科技发展权、造福人类的战场上，唯一要做的就是继续前进，争取胜利。长征精神不仅是中国人的强大精神动力，也是世界共享的宝贵精神财富。美国记者索尔兹伯里曾经这样评价长征：“阅读长征的故事将使人们再次认识到，人类的精神一旦唤起，其威力是无穷无尽的。”对中国人民来说，长征永远在路上。每一代人都有每一代人的长征路，每一代人都要走好自己的长征路。没有闯不过去的难关，没有到达不了的胜利！
20190527_10,20190527,新华社文章：屹然砥柱立中流——“今日之中国”系列述评之二,新华社今天（27日）播发文章《屹然砥柱立中流——“今日之中国”系列述评之二》。
20190527_11,20190527,2020年我国基本建立国土空间规划体系,国务院新闻办公室今天（27日）召开发布会，自然资源部相关负责人就中共中央、国务院日前印发的《关于建立国土空间规划体系并监督实施的若干意见》进行了解读。《若干意见》提出，到2020年，基本建立国土空间规划体系，平台建设形成一张图。到2025年，将进一步健全国土空间规划法规政策和技术标准体系。到2035年，将全面提升国土空间治理体系和治理能力现代化水平。自然资源部将会同相关部门加快开展全国国土空间规划编制工作。
20190527_12,20190527,中国妇幼健康事业发展报告发布,中国妇幼健康事业发展报告（2019）今天（27日）发布。2018年全国孕产妇死亡率下降到十万分之18.3，婴儿死亡率下降到千分之6.1，这两项指标均优于中高收入国家平均水平。近年来，我国通过妊娠风险筛查与评估、高危孕产妇专案管理、危急重症救治、孕产妇死亡个案通报、重点地区约谈等五项制度，切实保障母婴安全。2009年以来，我国全面实施农村孕产妇住院分娩补助项目，农村住院分娩率由1996年的51.7%提高到2018年的99.8%。推进妇女重大疾病防治，将乳腺癌、宫颈癌纳入大病救治范围。扩大免疫规划疫苗种类，儿童重点传染病得到有效控制，2018年全国流脑发病数仅104例，降到历史最低水平。
20190527_13,20190527,南方降雨持续 北方降雨减弱,这两天，我国多地出现强降雨。气象部门预报，南方降雨仍将持续，北方地区趋于减弱。从昨天（26日）夜间开始，广东沿海一带出现持续强降雨，广东全省有7个县市区发布暴雨红色预警，珠海中小学停课。防汛部门启动I级应急响应。未来五天这里强降雨还将持续，需加强防范强降雨引发的山洪、滑坡等地质灾害。强降雨还造成广西资江、浔江水位迅速上涨，一度超过警戒水位。资兴高速资源至中峰段出现山体滑坡，双向道路通行中断；资源县至桂林、龙胜方向国道也无法通行。目前当地正在加紧修复。受持续强降雨影响，安徽省太湖县小池镇24小时降雨量超过413.5毫米，黑河水位暴涨，立新圩溃堤，当地组织人力物力加紧修复。连日来的强降雨导致湖北咸宁51个乡镇受灾。气象部门监测到降雨量超过100毫米的站点达98个。通山县有700多户居民用电受到影响。昨天（26日）凌晨，湖南岳阳城区普降大到暴雨，多处低洼民房被淹，消防人员通过橡皮艇成功转移26名受灾群众。而在贵州安顺，多名村民被洪水围困，消防人员用冲锋舟实施救援。中央气象台消息，今明两天，东北、华北降雨将逐渐减弱。江南中南部、华南及云南东部、贵州南部等地仍有较强降雨。
20190527_14,20190527,国内联播快讯,国际医学创新合作论坛在防城港开幕今天（27日），由上海合作组织睦邻友好合作委员会、广西壮族自治区人民政府共同主办的国际医学创新合作论坛（中国-上海合作组织）在广西防城港市开幕。本届论坛是上海合作组织首次举办国际医学创新合作论坛，来自哈萨克斯坦、巴基斯坦、俄罗斯等20多个国家，医疗机构、企业负责人以及医学领域专家学者共800多人参与活动。此次论坛以“健康、合作、创新、共享”为主题，为期4天。中国第六批赴马里维和部队全部回国中国第六批赴马里维和部队第二梯队190名官兵昨天（26日）回国。至此，由警卫、工兵和医疗分队组成的第六批赴马里维和部队395名官兵全部回国。去年5月到达任务区后，维和官兵高标准完成了联合国赋予的各项任务，395名官兵被联合国授予“和平荣誉勋章”。纪录片《百年巨匠·苏步青》开机今天（27日），纪录片《百年巨匠·苏步青》在浙江温州举行开机仪式。该片是百集大型系列人物传记纪录片《百年巨匠》第二季的开篇之作，讲述了我国微分几何学派创始人、数学大师苏步青的事迹。鄂尔多斯3000多只遗鸥进入繁殖高峰季近日，在内蒙古鄂尔多斯南部的合同查汗淖尔湖，3000多只遗鸥进入繁殖高峰期。当地遗鸥的繁殖从5月初开始，持续到5月末、6月初。目前，出壳遗鸥幼鸟数量已经过半。遗鸥是国家一级保护动物。
20190527_15,20190527,伊朗：愿与邻国签订《互不侵犯条约》,伊朗外长扎里夫26日表示，伊朗提议和周边国家签订《互不侵犯条约》。26日，正在伊拉克访问的伊朗外长扎里夫与伊拉克外长哈基姆举行了会晤。扎里夫在随后举行的记者会上表示，伊朗希望与地区国家建立一种更为平衡的关系。为此，伊朗提议和周边国家签署《互不侵犯条约》。扎里夫还重申，面对美国不断增强的军事存在和经济施压，伊朗已做好应对各种威胁的准备。此外，扎里夫强调，伊朗并未违反伊核协议，并呼吁欧洲国家应该努力维护伊核协议。在当天的记者会上，伊拉克外长哈基姆表示，伊拉克反对美国对伊朗实施制裁。他强调，伊拉克与邻国伊朗站在一起，经济制裁是无用的，给伊朗人民造成了巨大苦难，因此伊拉克反对这种封锁。针对近期美国和伊朗关系持续紧张，哈基姆表示，如果需要，伊拉克可以在两国间发挥调解作用。
20190527_16,20190527,国际联播快讯,叙利亚政府军收复哈马省一重要村镇据叙利亚官方媒体26日报道，叙利亚政府军当天收复哈马省西北部重要村镇纳布德村，并继续对哈马省北部和伊德利卜省南部的反对派武装实施打击。纳布德村与伊德利卜省南部交界，连接多个反对派武装据点，战略位置重要。叙利亚政府军5月上旬曾收复该地，此后又被反对派武装夺走。秘鲁发生7.5级地震 近12年来最严重当地时间26日凌晨，秘鲁北部发生里氏7.5级地震，震中位于洛雷托省上亚马孙地区，震源深度为141公里。首都利马震感明显。地震造成至少1人死亡，另有11人受伤，超过50栋房屋损毁。秘鲁总统比斯卡拉称这次地震是秘鲁近12年来最严重的一次地震。秘鲁位于环太平洋地震带上，是地震多发国家。此次地震，秘鲁的邻国厄瓜多尔、哥伦比亚都有震感。美国一天两起枪击事件 多人死伤25日，美国弗吉尼亚州切萨皮克地区发生枪击，造成1人死亡，9人受伤。枪击发生时现场正在举行家庭聚会。警方已经对案件展开调查。同一天，新泽西州首府特伦顿市一处酒吧也发生枪击，导致10人受伤。特伦顿市长古西奥拉表示，美国每天都有枪击事件发生，联邦政府需应对枪支暴力问题。
